kuantic_id,n_clusters,score
010E0A1408253141501001363A01FF63,6,0.542418690566035
010F0A02081B3431505001131401FF94,4,0.7629515507798846
0110071A05391C51801002590801FE31,3,0.6623072977785589
010F0C1707373541501102D00A01FFDC,2,0.17374069132728795
010F070109063A4150100168F001FFA5,3,0.8256874697102262
010F0C1807330E41501102B14201FFED,0,-inf
01100B17142508518010023A0C01FF63,0,-inf
0110080508262251801002473F01FE2A,4,0.9221506747760059
01100B180D37333180200157C601FF66,2,0.6500876743856038
010F0C1809050E4150110235E501FFF2,12,0.6128088055607449
010F0514073B39415011014C2B01FF42,2,0.46803416540048887
0110030E0A191841501102833301FF49,2,0.44586131307844235
0110091A043911518010025D0001FF3E,0,-inf
0110031509051D41501102C5EE01FF55,3,0.6428745879085602
010F0C170B020941501102DEB001FF85,8,0.5218979788820539
010F080307302541501002211101FFB4,2,0.7614038114553144
0110071908150351801002633501FE35,3,0.5091675315431405
010E0C120F211F31500001C814010025,8,0.7716531943574716
01100B12082B1151801001F73201FF83,9,0.24934242339839086
0110071A052B2E51801002E25601FE56,2,0.881253632440212
0110091D0A1E3451801101570C01FF27,9,0.7738511012157242
010E07180F0A2F41501001542E01FF66,6,0.5353519083671165
0110030F0A2B29415011026EB601FFB7,4,0.7268333680680285
010F0C1710181A415011020AA301FF3A,7,0.4702141998227095
010F04180C360E31505001325301FF2D,0,-inf
0110071A09141451801002E52301FEB3,9,0.7980315534497346
01100B080C1E1751801002F5FC01FEC8,4,0.7359720363655115
010F041B0E041041501101BD5101FFFE,9,0.6473905917159158
010F07080D153441501001BB3F01FFEF,9,0.8124536647078695
010F04170D150A41501102DB7601FFB4,7,0.8929886256053048
010F0A0207350231505001F15B01FF88,2,0.6589498935764632
010F041C0931024150110205AB01FF40,8,0.5668126819210534
010E061E0D383041501001CEB401FF34,6,0.4797561612340754
0110031508053541501102E20B01FF04,8,0.696675309032209
010F0911090B3341501002DD6501FFAA,14,0.7021014053409116
0110071A07183A51801001416D01FEE6,6,0.7201614088763509
011004130E3907415010023B9301FF19,3,0.8009487279991606
0110061008080E415010024DC001FF0B,2,0.5099726870876855
0110031508362441501102633501FF39,8,0.7132666993209744
01100B1907183751801001D65F01FF5E,3,0.8798163157917691
01100B16130A1F51801001333901FF44,2,0.7719804067960468
0111011F0F1B3B31501101095301FF7A,4,0.554015041949107
01100610080333415010022BC701FF06,0,-inf
0110011A0D112041501002DDDA01FF3C,3,0.734677330683476
01100312081F06315080010D8801FF16,7,0.4049631806197983
0110031509391F415011024CDB01FFAB,2,0.5993935874295533
010F061A09350141501001FC9B01FF58,3,0.8205147273000761
0110030E0A2B3241501102338C01FF14,4,0.8820562367958226
0110080506281B51801001521B01FE4B,5,0.7523701537714922
0110030E0C262041501102E86801FF98,0,-inf
01100719081C1E51801002119501FE05,4,0.6244594121177232
010F041707223B41501102445701FF32,3,0.6134994944865444
01100805082638518010018F1E01FEEE,5,0.7474967272515676
010F09080621264150100245C701FFE3,3,0.7669363813327063
010F0C16100A3041501102280301FFB5,4,0.8846946429388372
011002110D1E2131508001A73F01FFA8,4,0.5436348749760844
011004140C1C0B41501002351501FFB7,4,0.8493662560522054
010F0C170F280941501102951301FF41,9,0.5660406083798765
011004130D271D41501002EE0D01FFE9,4,0.3552812752013899
010F030A0D042231505001005001FF8E,6,0.2798327364465894
0110091C09131C51801001ABC601FF3F,7,0.558282936488109
010F0C160C2D3841501102EFF401FFD6,4,0.7623128089299235
01100805081F2E518010025F7301FED9,3,0.8658404749270386
0111011F0E2228315011016C9901FFDE,2,0.40421478434962704
010F0C17073921415011022C8801FF14,9,0.5541262962109667
010F0C16100531415011027E8C01FFDA,7,0.6391542834669993
01100610070A2041501002F8CF01FF3E,4,0.5571991705587793
01100B180E2905318020015B1401FF4F,2,0.41984074930952175
0110031508121D415011020A8601FF6C,13,0.34346074624049905
011008090B0E0E518011024A2B01FF5E,5,0.7214838118562125
01100C140E0936518010013EA601FEBD,4,0.5700132572463417
01100616093230415010027CF401FF55,3,0.4068955664772827
0110071A0A200E51801001892801FE04,3,0.753383313265278
010F041E07151F415011029B1801FF3C,3,0.4086992249358942
0110090E06370531801001AA4B01FFDF,3,0.8862797774131288
011006160A040B41501002289801FF57,3,0.8585176902782372
0110080508001B5180100138BC01FEEA,3,0.5979338341387568
0110030F08391641501102C23101FFEF,9,0.6854927746590653
0110091C09111451801001445301FF23,6,0.7313675305348523
010F061D0E1C1F415010016A6801FF10,6,0.7906168723139335
0110030F07211241501102C39101FFAB,7,0.5157750057096987
011004140D372041501002E67601FF74,2,0.5560122467114222
010F07010B392F41501001C25F01FFB2,14,0.5165033704673262
010F07170E143941501002B49A01FF86,14,0.5428889083857144
010F0C160A190F4150110241CA01FFED,11,0.8113434900947653
01100B17102025518010010C2901FF61,13,0.398652721667869
010F061D0D220141501001995201FF10,2,0.7126528313796663
0110030F0D3731415011020C7401FF44,8,0.7379666909516385
01100414091D3941501002F83001FFAD,2,0.6852500637069853
010F041C0C1E39415011023DED01FF9F,8,0.42861648108859685
010F0C17071211415011022DC101FF11,2,0.815385901351945
010F0C17072635415011027AD501FF78,4,0.6668530941491605
0110011A0A0333415010029C2601FF2F,3,0.6388742730850465
010F041C09192D41501102F82801FFBD,2,0.34461939250080775
01100416080832415010022D6601FF5D,7,0.69697080038559
010F09040D052141501002D9C401FF70,6,0.4785186474533364
010F0C170F3316415011022A5601FF51,7,0.678191822035027
010E07150E253041501001093601FF91,4,0.622824210671372
011004130E0833415010023AF801FFBA,2,0.4051090341212644
010F090F08270441501002169901FF53,3,0.7123613214195508
010F08030C0C2641501002218801FF5B,3,0.7445510634204426
010F0C170E1A3A4150110215CD01FFE5,4,0.6991154496345227
01100119073A3941501002A84701FFC9,4,0.4836169656540657
011007120D061251801001C87701FF90,13,0.6726734693142447
011004140C1A1341501002860201FF73,7,0.7167724681249796
01100B120918345180100225D801FF9D,13,0.2932688549960964
010F041E071B1A41501102909601FFC8,13,0.4843908570173365
010E0A1C1002164150100189AA01FFCE,8,0.825912987632638
0111010A0C351C41501102E5F201FF0B,3,0.45788092808623854
01100C130E152751801001484401FE19,0,-inf
0110071905261251801002C30301FEEA,2,0.7080229979657042
010F0C180A060E41501102EBDC01FF43,11,0.566942398451106
0110080906011D51801001CA8301FF8B,5,0.6234882801585452
010F041B0F131141501102C80D01FF25,3,0.6458201351534864
0110080905203951801001F41501FF95,5,0.8540037636818398
011003150D2921415011026A9001FFE2,4,0.49843399207783723
0110030F0D222A41501102ED6201FF91,4,0.720314361072851
0110060F0D1E0241501002E62601FFFE,5,0.8358608665312716
010F050B08360141501101E10201FF1B,3,0.7390919894166421
0110011A0E152941501002848401FFDD,6,0.6323332641965865
0110020208321531508001BACA01FF16,3,0.7202025433938797
0110071607193751801002FCD101FFCB,9,0.3428813650358189
011007160C2E2C51801001975901FF9A,4,0.5501045108885488
010F0C160D330941501102374C01FF5E,7,0.7905631268263756
0110071A09143B51801001261901FE56,5,0.86665058035298
010F050B083B0D41501101521501FF86,2,0.39193453538131906
01100B1907160351801001571D01FF55,4,0.571084356618016
0110041308082E4150100297A901FFB7,4,0.5060757641026608
01100B080C0B2E51801001F5A401FE1D,12,0.6472834977899106
0110041306272541501002082801FFB3,5,0.7027104971001551
0110011A0E001C41501002E13601FFF0,10,0.5431408742420033
0110030F09341A41501102611B01FF66,4,0.662649677439549
010F0B11080332415010021E0201FFD4,9,0.717338200821306
01100315081C2541501102A5A101FFA4,3,0.5838389285561225
01100B090E2220318020014E7501FFF6,4,0.8190701782908729
01100B18062F0D518010010CDC01FFC0,2,0.1870915763641274
010F091109183741501002988D01FFB6,3,0.7005829721953454
010F0B0D0E000141501002987901FF15,10,0.6236338772381235
0110041408392541501002E1C501FF28,4,0.4544443363693399
01110215093404315010012E3901FF9D,7,0.8657783642807305
010F0C1610102241501102031801FFCD,7,0.631693424243901
011002180F052E31508001E86D01FF3C,3,0.556191421356923
01100B1610061551801001E1C601FF1A,4,0.7948865559825607
010F0C16092520415011024A5701FF3B,8,0.7793949078622595
0110011409163841501002A3AB01FF92,0,-inf
01100809053922518010020F2801FF64,11,0.5470386547739909
010F041C070E23415011023B6701FF52,3,0.45543670819079274
010F09070B34144150100261AE01FFDB,6,0.8630029497744911
0110011A0E031F41501002115401FF9C,7,0.4457920472449466
0110041909362841501102A5EF01FF33,5,0.49170953349614527
0110071A04170651801001D6C001FE36,12,0.4590673320221161
0110071A06020751801001899201FEC3,7,0.5200639781418136
010F030A0C271F315050015E5801FF09,2,0.49140023102581787
011004190C341C41501102D44401FFBA,5,0.5533465797174937
0110071207012D518010010FD301FFDD,6,0.8982202930394085
010F07140E383841501002733C01FF05,14,0.5668611658005918
010F0C160D15164150110203D201FF1D,4,0.523562675350826
010F030A0C361231505001082101FF94,2,0.5073981817951734
010F090F09090341501002A10E01FF71,14,0.6752452613895018
0110071A071F1E51801001552701FE2D,2,0.6130626504501027
010F061E0C321741501001354201FF5E,2,0.9572251139326268
0110030F09220A4150110278F301FF99,9,0.6462493125176769
010F0C170C1C0741501102A67201FFE2,3,0.7025820206846222
011004130D390241501002198701FF4D,2,0.4438077143533969
010F090F0D1F334150100266D701FF99,9,0.5479150828306462
010F041C091C2741501102096301FF74,2,0.55775374806171
0110030E1002314150110291C401FFA2,12,0.5006445141464484
011001140F0C32415010023BC901FFE6,4,0.7033824396617694
0110091D0A291D51801101BAC001FF1C,6,0.5374120490769106
01100B180E0C05318020016A7901FFF8,14,0.5147235757320056
010F061D0D361741501001F99C01FF3C,3,0.7801457279525768
011009140D063131501001BC6801FFD8,3,0.7315888231318398
0110090E061C30318010012BA401FFF5,3,0.6121062807892732
0110091B0B061151801001621001FF55,2,0.648748908417343
010F041C083916415011024BE801FFA2,2,0.2042947589256618
010F090F0D271441501002629C01FFEF,3,0.6603318635317794
010F0C160A2F0D415011020AFE01FFDC,5,0.6362796432836425
010F041C07313A41501102E8BB01FF17,6,0.4013827445775484
010F0514070D1141501101E66501FFC4,2,0.6566955261488152
010E01030C1A2C31501001D8CE01FE64,11,0.5283911885006525
010F02050C2B38415010014E2401FF66,4,0.47555448694080427
010F050B091D1C415011018E5801FF15,7,0.8083969014060063
0110011A0D143B41501002F67C01FF63,14,0.6523573479147524
0110030F0C202541501102D07801FFA0,12,0.532415833833832
010F061A0D071A415010015F7101FF30,2,0.8198761588455077
010F0C1610090D4150110295F501FF7A,9,0.6269512006548852
010F09040C3130415010024FEA01FF9A,14,0.6277321433446953
011002190D01013150800110D501FFDE,6,0.42073820220386066
010C051D0E0E0BF0E401039A9E020098,6,0.3185128061010598
011006070C251631501001325C01FE7C,9,0.6993719278464561
010F0B12092F2831501001923B01FF14,2,0.5539793332655292
010F041C08181841501102995901FF02,2,0.5126940014293528
01100413060828415010021F0201FFDE,2,0.5479922883375988
010F0C17100F2441501102071B01FFC4,11,0.476914861634743
011004140D2C2741501002B22901FFF9,2,0.6867994912519699
010F07100C2A0141501001038801FF75,4,0.7626752481235012
011002180C231F315080010E9A01FFDD,2,0.4279793690788831
011007120D030651801002AA9701FF9C,3,0.5485254996442027
01100315093A2D41501102D88301FF68,6,0.7752904668735465
01100416083A04415010020C1801FFC8,3,0.7543401928649309
0110031209232B31508001E3C701FFD7,2,0.515201690256627
01100B180D3433318020019E2401FFC4,2,0.5492674236985775
010F041C0F081041501102088701FF76,11,0.6517930870707384
0110030F07160E41501102EB0301FF20,0,-inf
01100805081225518010024E5601FE1D,3,0.7067627417718796
0110030F08011241501102AD7501FFFC,3,0.3806697418885609
010F090F0B181A4150100248D401FFDC,8,0.6743124047606727
010F09070D292741501002A09301FFAD,3,0.7598235074954036
010F061E0E132541501001D61901FFF5,2,0.6931752796366598
01100B170A040351801002124001FF87,4,0.5979830332597894
0110011A0A092141501002644B01FF4E,3,0.8961709546755202
010F08030D141141501002F03D01FFE3,3,0.6663263415552435
0110090E09282D31802001A01501FFF3,3,0.6831268363982828
010F08030C120141501002997801FF12,3,0.6035257323097282
010F0C100C3A2131501001107701FF54,3,0.7075879284351289
011002010F2717315080013ED401FF8B,3,0.7343394629230586
010F0C1707322F41501102C20B01FFF4,14,0.4780152350868432
01100312080F3431508001605101FFDC,2,0.36016845033430256
0110030E090E0541501102164101FFC7,7,0.7235907615400754
01100312091B2231508001BBD201FF05,3,0.8270325968885924
0110011B0A2F1341501002FDE001FF07,2,0.7700247692391858
010F041C0E0725415011026D3201FF53,3,0.5341344388260653
0110061007170641501002D9B501FF84,2,0.645635838600947
01100B12091B0C518010010CA501FF0F,3,0.3207736680228058
010E0A1D0D25374150100145DD01FF9D,9,0.5313652898188332
010F04180D0D38315050012F6301FF1E,3,0.7306764104820707
01100B1905390B518010012FF001FF81,0,-inf
011003150D2E2141501102919501FFB1,3,0.437180613059031
0110071A042A3451801001F19601FE04,8,0.6256052844228682
010F061A0B2C1E41501001BA6601FFB9,4,0.8169815127268649
010F061E0E1526415010011B0201FFC4,6,0.5024479519838895
011002180C333A31508001524A01FFBE,2,0.11354615067698037
0110030F070F1941501102CCC201FF7C,11,0.30064033142889823
0110071A081D2551801001535101FEFF,2,0.5832154071228708
0110011908071441501002CFF601FF4A,3,0.8258111293069622
01100809051C1351801002C37701FF8D,14,0.7263100249284548
01100713042E1B518010019D3401FFD5,2,0.34702254361481816
0110080508242A518010025E1101FE3B,9,0.6498877240299671
010F0907091B2941501002A05301FFFD,3,0.7212357158810311
010F041C0C090C41501102860401FF81,11,0.3112816730263017
0110091C0B373851801001ECBA01FFC8,4,0.4577938899471212
010F041B0E0D0541501101166101FF97,8,0.4601998072416362
010F090F08210C41501002D3BB01FF72,3,0.47617302435138664
010F0C170F201041501102837B01FFEC,14,0.346053608192139
010E071C07042A415010014BFA01FFB2,14,0.7692583227141108
010F061D0F0D3141501001CA5901FFBB,12,0.4948396461684233
011002110D202231508001BDD101FFFD,9,0.6571044540666174
010F090F082821415010025D0D01FF7A,8,0.8002362434773084
010F07020F1221415010010E6401FF91,2,0.291269543076961
011003150D1F3641501102BA5401FFC3,2,0.21151500115290242
0110080906050D5180100251B901FFD9,8,0.5377884234894158
010E0A1507282F415010014ACC01FFBC,3,0.5397796041280619
01100917132F0551801001E11901FFAC,2,0.603149809660154
01100716131D39518010017CE401FE28,3,0.7964157050349282
0110091C0C032E51801001C9ED01FFF5,2,0.1409797216035945
010F0B100F3A1F41501002793501FF1C,3,0.4713077328917789
01100413062118415010028F6E01FFF9,3,0.620056209067033
010F041B0E1D2441501102C75B01FFBC,14,0.622760287730374
010F020607370541501001BE5B01FFEA,9,0.6086594397034244
01100C131000235180100137F101FE94,2,0.740297039917456
010F0C170F002E41501102B87201FFC2,5,0.4543421439102102
010F08050E29004150100209F501FF0B,2,0.7455362033031432
01100C140E1A0051801001242C01FE76,2,0.6108451323151716
0110031508110D41501102C27B01FFD0,5,0.7297793162862916
011004130E2528415010021F4D01FF6E,5,0.7358308827485378
0110071A052B1F51801001A3C601FE35,5,0.7944272222441442
010F041C070D0641501102D97A01FFBF,12,0.7235108396368706
0110030E100C1641501102F6AE01FF64,7,0.8153659055573421
0110091C091C2951801001716C01FFBD,12,0.6109039778410095
010F090F081D1C41501002FCA201FF56,4,0.3675991817879693
01100716131903518010010DD401FEE1,4,0.8787855039090997
01100805062317518010017E4B01FEF8,5,0.8528779514010117
010F061E0C111541501001164101FFA1,5,0.47994636415507774
0110011A0C2032415010026EF401FF71,11,0.5046691567344619
010F090F0701214150100289F301FF90,2,0.3642708765096851
010F0B03073111415010029E0F01FE4A,0,-inf
011007140B0B0851801002741201FF4D,4,0.5686880366598751
0110080508300E51801002FF6301FE58,6,0.7181089283516534
010F07100E143341501001AA1701FF21,3,0.6929923636666688
010F041B0C2F00415011022BFA01FFCD,8,0.45560533528078473
01100414083726415010025C8B01FFE8,5,0.8408325112809859
0110041607230741501002E43F01FFDE,12,0.48958819775059875
0110030F0D000B415011022B1201FFE4,2,0.10071159882989449
010F0804093419415010021CCB01FF04,0,-inf
010F041B0E0A2C41501101091301FFCE,6,0.5402328820715123
010F0C1D0F192831501001854801FF18,4,0.7547704064808628
011004140B2D2E415010025C7001FF02,3,0.8192679295411116
0110030F0D2D1E41501102765E01FF0D,5,0.7162146759522211
010F041C0E3A174150110225E701FFC1,10,0.5986726600390014
011001140D243541501002114E01FF72,9,0.6016114754376003
0110090E09382A31802001DD6701FF57,5,0.6908030176403142
010F041C0E370C41501102509E01FFED,5,0.7036408303957261
011001140E133541501002CABF01FF58,3,0.594713257245057
010F041C09222441501102864201FF15,14,0.41263748381958676
010F09040C260641501002FEEC01FF1E,9,0.5737460187913874
010F020B0F222541501001C2FB01FF2E,9,0.7242604607947878
010F0514080113415011015C8E01FF2E,14,0.48551270535758034
01100B150D031A51801002E9FB01FFDE,3,0.3194446715409864
0110091B0B0226518010027DD601FF62,4,0.35036147253165023
010F061A093319415010012FAE01FFFC,3,0.7902317627063142
010F04090D1E2531505001416B01FF15,5,0.8658422868467254
01100B1208280851801001C63801FFBA,6,0.2600153565079852
010F0C170E0B1A415011029CE501FF75,3,0.3918693508800127
010E03050A1E3731501001113201FEB6,3,0.3703322818670477
011002180C211A31508001E86701FF3D,6,0.4945256179034375
0110071A09111051801001B0AB01FE68,6,0.7325456498685978
0110071A07301351801001C56B01FE73,2,0.5681957830060707
0110031208143631508001095D01FF20,3,0.668225612496372
01100610071E1B41501002222101FFB3,3,0.7964953551291977
010F041C091B0F41501102B0E201FF67,5,0.658295715924279
011004130C200441501002A6E201FF7D,2,0.41363906042842175
010F0716080F384150100259B701FFD1,3,0.8858946501999017
0110071A0A26325180100297CF01FE24,2,0.6624394221277284
0110030F0A000141501102096701FFBE,8,0.7005466919883304
01100B080C1B1751801001B4E101FE28,6,0.4631702871854008
011003150916034150110280A701FFEA,10,0.6756574484532117
0110071A0A2C305180100194A601FE4D,4,0.8408440918622259
010F041E080009415011023AF801FFE7,2,0.46887323763921224
0110030E091A37415011021FDB01FFE6,2,0.01577130551702662
011007160D350F51801002407501FEEA,6,0.30053662876784815
010F0B1107340041501002C36E01FFC5,2,0.691400915128467
01100312080C1F315080015F8501FFC1,2,0.7620746133931833
0110011A0C392241501002A68001FFA4,11,0.39487404303587786
010F041C0F0A0D41501102DF7501FFB2,0,-inf
010F061A0D0E1841501001CA7201FFBF,4,0.6066307463461723
010F071608362C41501002A99A01FF83,3,0.7761707676822688
011002190D363A31508001F09001FFD5,3,0.5572244264753597
011004130E3A1A415010021E9801FF1D,5,0.5079293938610163
0110030F0C1D304150110236D901FFD1,9,0.5622495109442273
010F0C1D100723315010011D7401FF6A,4,0.6106073739428114
010E071D063A0F41501001EFAA01FF43,3,0.321232720493675
011004130C13354150100251C801FFC8,5,0.7435509811976994
0110071A04121A51801002679601FEBF,4,0.5404934102354162
010F0C1807310941501102E85D01FFA2,4,0.5016738405991825
011002190D1B3631508001895201FF99,10,0.7967445175764312
01100616090B0E415010020D9401FF6D,6,0.44225017892781526
01100B150F013131809001082901FF1B,3,0.6883963223725519
01100B080C0633518010020B9E01FE0C,11,0.5409933119636117
01100413081B3241501002AAC601FF70,0,-inf
010E0B190F210431505001BA7D01FF90,3,0.9084918689970052
010E0A14101F0541501001B0CA01FF83,3,0.7547581315946081
010E03050B041331501001C1DF01FE96,4,0.4437570080832354
010F0C170D1B2E415011020CDA01FFED,11,0.36147513244068025
010F0911063919415010027FF701FF65,2,0.3685853197323976
010F030A0C212E31505001D9B101FF2C,2,0.2681976640537634
0110011A0D191D41501002854901FF20,5,0.8270532052804038
010F0B090F081941501002EDAC01FF70,2,0.683135505204968
011007140906155180100269F101FF73,3,0.8673243969686856
0110071A073B3A51801002A80A01FEBE,3,0.28026692429888067
01100716100415518010017BBD01FE90,4,0.5374162136891303
011003010C210431505001DA0001FF0E,2,0.5916224035992014
011002180D033631508001288B01FFDA,4,0.6398862781652347
0110011A0D251141501002996601FFEF,4,0.768024879216933
01100C140A270451801001570901FE59,5,0.8589420999168854
010F08050E0E1A41501002DB7601FFB9,3,0.38139501780624235
010F050F0B0C3131506001C2E101FF0F,2,0.37728836091621454
01100B120C021251801002C2E001FF2D,3,0.4700261413846518
010F09100A371E415010026A4E01FF1D,2,0.8262888007578024
010F070906102941501001114E01FFA0,2,0.8183198570315651
010F061D0E002141501001E49A01FF7E,8,0.6104612220272634
011002010F1A233150800150AB01FFA3,3,0.42005139493785804
011007120D0F0451801001D0BB01FF49,3,0.6046436036005373
011004130E2700415010020EA701FF4B,8,0.7191355421470935
0110031509351941501102F26701FF83,3,0.3943115807747624
011007150C2E255180100197DF01FF1C,2,0.21723332621678484
010F09070C0A2D41501002348101FF45,2,0.4364510954038013
0110011A0D073741501002607E01FF08,9,0.718528357404253
011008090B151D51801102365201FF35,4,0.6759458692559126
0110031209180731508001EB4B01FF7A,5,0.5969980831252217
011002010F1B3A31508001407401FFD2,2,0.4000199966771074
01100B150A342C51801001681101FF0A,4,0.6701348229884425
0110030F0A3400415011028C1001FF5F,6,0.8146098092513148
010E071808311A415010011FDF01FFDF,6,0.6564630932673771
01100B1208353551801002906901FF84,9,0.3471885343122557
011007120707225180100173B001FFA1,2,0.3345334818266795
010F041B0D120941501102CB9101FFA9,7,0.5410023002547325
010F061A06302141501001D5C701FF3B,2,0.586836544228126
011003150D281341501102DD4301FFCB,11,0.4082073123428414
01100416072C1F41501002831501FF48,6,0.8319284462288966
0110080909292C518011029E6F01FF8F,0,-inf
0110091C0C010551801001E14901FFAC,4,0.6922561698004763
010F061E0F022D41501001F8FB01FFF9,11,0.7017008323254398
0110080506260A518010015D8401FEEA,6,0.5671343346628361
010F051408261041501101F6B601FF4A,4,0.8629050738618189
010F07160E250B41501002F81301FFE7,8,0.5392249900182763
0110071A05350E5180100221B101FED2,7,0.6788942701036338
011007160D312E518010026EE801FE2E,3,0.8167313379237585
0110071907192A51801002ED6F01FE47,2,0.49679276527936134
010E0A100F373741501001F71401FFAD,7,0.5493388209838405
0110030E091501415011022BB901FF37,8,0.43101994074156535
010F051408073641501101695201FF34,4,0.8336970864254759
0110071A081E27518010024F2601FE2A,6,0.7809595422387247
0110030F0A211141501102015401FFA8,3,0.6767350589553704
0110060F0D122041501002C1E001FF57,2,0.8122360864361265
0110061608350F415010029A8A01FFC0,5,0.42822609212777984
010F041C0B36114150110209BB01FF16,3,0.6762570864049073
0110020208051531508001850E01FF34,2,0.5631920325447858
010F080609192241501002024901FFB0,3,0.5359515613918496
010F090807133541501002449C01FF0D,8,0.5669734932569948
01100719053B3451801002DDAE01FEEE,3,0.46386029145976754
0111011B093A3031811001E5A001FF17,0,-inf
010F090F07030841501002809601FF0D,2,0.428023187808019
010F0B06090C094150100261F001FFCD,5,0.6019910713756791
010F04170E141E4150110148C501FFE5,7,0.734921779591968
010F041C0E172C4150110253A401FFE4,3,0.5579355313261053
0110071409072A51801002229801FFFD,3,0.8611526375967447
010F0C1708010441501102CA7801FFDA,9,0.7532769806525809
010F08030C222141501002223F01FF92,2,0.6256321790833889
010F08050F0C3841501002868D01FFDA,2,0.5489251239308277
010E0A1B110B39415010018F4001FF06,3,0.7577921963722776
010F090F07381141501002B99D01FF8F,11,0.5218279678415013
011002180C2C2731508001784E01FFAE,2,0.4678934384121339
01100719072F3051801002C2BC01FE09,3,0.8934747447245174
0110030E0D272641501102EE8101FF71,5,0.6872946777364897
010F04170D0D0941501102141701FFE3,5,0.8293423082711654
010F061D0D300641501001228F01FF37,2,0.7577791265846754
011007160D362E518010026FEE01FE22,10,0.5381909065746042
0110011A0A003B41501002C77501FFB0,4,0.7844335709518914
011004130D312B415010023DEC01FFA3,0,-inf
010F061E0C291B415010010CB201FF1C,5,0.7805695828597858
010F0C170D0C18415011028D4301FF28,4,0.8283832020954159
0110071A043315518010028F4001FED1,3,0.8102121968735284
01100616093B204150100294BC01FF7C,7,0.7338579551442495
010F0907062C2541501002B1A701FF8E,7,0.6844048684475131
0110060F0D2A1341501002D87B01FF9A,4,0.6268327667007783
011002190C2F2F3150800121E801FF5F,6,0.4743709136737644
0110030E0A1C0A4150110271B501FFE4,4,0.6136950862058744
010F0804062B3941501002811801FF3E,6,0.9895052852134579
010F0C1710162C41501102A5AB01FF87,6,0.7338888960350641
010F091206010D415010021ED001FF30,8,0.6703075568651273
011002190C332F31508001AE4401FF72,3,0.4685870596197228
0110071A050E1051801002822D01FE1A,3,0.7788063542432465
0111010A0A023041501102CC0901FF2E,4,0.8438598710591265
010E0A15091C3A41501001E46C01FF81,2,0.13307868293282632
0110080506243551801002F5A901FE03,2,0.7682185412271668
011002010F203B31508001F7EF01FF9A,2,0.4744818183870281
01100119080B0441501002E44E01FFE9,12,0.5612269852551292
010F02050A131141501001732B01FF7B,3,0.8202359445365687
01100202080902315080016AB201FFBA,4,0.7662570458382947
0110011A09042E41501002C71301FF1C,3,0.670259704358043
01100312093308315080012DBA01FFAD,3,0.3577775854297375
0110041409023041501002840F01FF66,2,0.8919340754732444
01100C130D2A3951801001C7DF01FED9,3,0.517512134859248
010F070F0F1825415010013E5901FF55,6,0.4127680028069805
010F03140C233B31505001C45C01FF7D,14,0.4415451068099927
0110061006113541501002856F01FFF6,2,0.41456303954506574
0110071A05302551801001F1BC01FEE6,4,0.8470535110781588
0110071A0A2B2351801002D79C01FE21,3,0.4281091489959423
010F041C07331641501102DC0D01FFF3,6,0.4067286182574353
010F0805093A1741501002A0DE01FF68,7,0.557481051572848
010F091106203941501002E32001FFD1,3,0.7208891758968853
010F041B0C3A0B41501102C7B901FF5C,10,0.5051101561806348
010F090F090031415010023EB301FF0A,14,0.5048291660727036
010F09110E0633415010021CBC01FF14,5,0.7534534151658646
010F0C1809241F41501102B2F301FF37,3,0.7982732411702235
011004190C0F2D41501102B94701FFE6,6,0.7391641075371497
010F0A02072C2331505001CE9701FF57,3,0.6907797968144405
0110011A0E08034150100210E601FF22,2,0.5805502713540507
0110071A04150051801002583601FE45,3,0.8485117826866572
010F0C100C3402315010017AD501FFB1,2,0.49833360555026296
011003150D2F2F41501102D8DC01FF14,3,0.34353007125985
010F09100E030241501002742D01FF80,3,0.5285185899920485
0110071A07231E51801002080301FE99,2,0.7211377604400445
010F090707111441501002CC0701FF3E,8,0.48920460289640116
011004140D0327415010024E3E01FF71,3,0.4933975649978163
01100719080D2051801001A80601FE0B,10,0.6493976158004395
011004140C1E0141501002C51401FF30,5,0.758416511991351
011008080F030C51801002C39001FF8B,5,0.5231030563628918
01100B120911215180100201C601FFED,3,0.30804205854473976
01100312082039315080011B7101FFEB,2,0.27953704671368707
0110071A042A2C51801002F05601FE4C,3,0.4783004829121179
011008080C351B51801001529201FEBE,0,-inf
0110020208222031508001F18001FF2E,0,-inf
0110091C0B3B2E51801002E01001FF83,0,-inf
011003150D2D1341501102CDC701FF52,3,0.5441092299315277
011008080E11385180100226E401FF9B,2,0.0894582363434863
011007160E110E51801002D08801FE6B,2,0.9002714487082539
010F09100A1D0E41501002678001FF18,6,0.7457843959540713
010F041B0F1716415011020A8101FF66,10,0.5893788262670957
010F0716082A0441501002ADD401FF79,3,0.6896866225036676
010F061A0C123441501001549701FFF1,4,0.46145092793240955
010F08050F112741501002280201FFCF,4,0.4403663212706103
0110071A090F0C51801002CDED01FE0E,4,0.8151330039497747
011004120E3B1641501002A14E01FFE8,2,0.7341910873288391
01100716100D1051801001FFBD01FE08,3,0.45371342171317197
010E03050B0607315010012E6201FEB0,2,0.414119779676065
01100B0F09352151801002ABE701FF01,6,0.6918295802593439
010F080309001141501002535A01FF7B,3,0.7430931547268523
010F0B10100F0B41501002D52901FF0A,2,0.32378030321484896
010F041707201341501101A9F801FF57,3,0.816781235656966
01100B1209141951801001B96D01FF94,3,0.2671502255257293
010F041C0B2522415011029B2301FF1C,5,0.6911183183648814
010F020B0A330241501001A8D001FF8A,9,0.4333831044753563
010F04180C1F2831505001CED101FF10,14,0.537822369588677
011002190D062C31508001ED8401FF22,2,0.39640748833764755
010F030A0C3A1431505001D36E01FF76,2,0.6705935359374424
010F080409110341501002287F01FF7D,2,0.6451296480297254
010F061D0F060541501001A8C601FFA3,3,0.828105471723756
011001160E2E2E41501002EC4401FF9B,13,0.5972629267939815
010F090F0D253241501002816401FFEC,3,0.7869841112218834
011007190606055180100202DC01FEFE,6,0.5270925513686505
011001140C3439415010024C6C01FF06,3,0.6855557113998978
010F091009091541501002F29801FF83,2,0.2483266071755137
011006070B12133150100169EB01FECD,12,0.41077187751646377
010F061E0E1A0441501001563401FF74,6,0.6214145643202349
010F08030C0E20415010025EAF01FFFB,3,0.6243109770983574
010F0C170F350641501102C44F01FFCC,6,0.5615788038573462
011002190D023A31508001C7B201FF10,0,-inf
010D02160320283150000107DF010026,11,0.5272989636035438
010F061A09021A41501001258F01FF55,2,0.21065300727548117
010F08060C2D2741501002605201FF2D,3,0.742507821181531
0110071A041718518010029C4301FEDA,5,0.4380675710967618
011002180D133931508001751601FFEF,3,0.4958695361322671
011008180E061831501001B92701FF31,4,0.8151273785313554
010F0417072D13415011013CED01FFC2,10,0.7724041973435205
010F091009173641501002742D01FF3D,3,0.5129798944380399
011002190C312731508001D86B01FF2B,5,0.5773018343168771
011002010D2C13315080016AB501FF7F,0,-inf
01100712071634518010019B7801FF90,3,0.7798032734871911
010F09070C0E0941501002591201FFAF,4,0.6797365817124034
0110030F07171D41501102099001FF65,0,-inf
0110091D0A2C2051801101486A01FFDE,2,0.2676463280058803
011004130E3B3541501002C7A401FF4C,7,0.7236990433054522
011004120F091C415010029DCB01FF9A,4,0.7980330626233635
011004190F1C2041501102058901FF55,2,0.18182073343013275
0110091C0B1B3651801002A98201FF60,2,0.31409216141071544
01100B1208332451801001FAA801FFEF,12,0.3284713876514359
01100805080713518010011D4401FE7E,0,-inf
01100119080D2D4150100233FF01FFBE,2,0.8764224770228735
010F08030C1404415010027DA601FFFB,4,0.3818722921960282
010F0C180A2E1E41501102535A01FF25,4,0.46624749423841905
010E0A1C0F233A41501001F1EE01FFDE,3,0.4888660907542117
010F0806092017415010025AF301FFB2,2,0.26074827306965376
0110071A04352751801001037801FE12,3,0.4484152156569288
010F0B050C263A41501002271601FE95,3,0.7668199047252462
0110011A0A251A41501002ABE901FF54,0,-inf
01100805081F335180100192FA01FE1B,10,0.5121398514044774
010F0C1D0F173631501001EAC201FF2D,5,0.5282165756646454
010F04090D1534315050014B7101FFFF,4,0.8200686550738379
010F07160E010141501002B42E01FF3E,10,0.6828795649770463
010F0B0D0E012C41501002B28301FFC5,2,0.7916853464656296
010F07020D342E415010012DC201FFE7,3,0.4698591590957381
010F090F0C141B41501002A21301FF45,2,0.5063956278007398
010F0B100E363541501002B3E901FF1D,4,0.6772632336647327
0110091C04310C5180100248A501FFB9,3,0.394348996638656
01100312092F3031508001956001FF7B,3,0.5451487621540908
010F041B0D022641501102D24001FFE6,2,0.5884804656763184
01100805061C06518010018B8C01FEC2,4,0.530309335260421
0110091C0B190851801001FF5A01FF63,14,0.3676917015677748
010F02050C3A2C41501001BC0501FF14,6,0.5333851116751148
0110030E0E330941501102E2BC01FF52,8,0.6279115553560602
011003150908124150110255FF01FFBC,8,0.5544485893560308
010F0417072720415011028D2D01FF29,6,0.44938663021652175
01100B171401085180100190B401FF8A,4,0.5221260815402862
0110071A0B1934518010022E1701FE4F,4,0.40211873752724925
0110041306000541501002C0BB01FFAF,14,0.5671513234447492
010F0C180A082241501102A48501FFCB,7,0.46484444421461185
0110011B0830064150100208D601FF14,14,0.7121434385401284
010F061D0E152C41501001753801FF2F,2,0.5999792188060936
0110011A0F260741501002976C01FFF2,2,0.13426725913263313
010F041B0F051F41501102B71E01FF25,5,0.4169295143127661
0110071A042E1D51801001614801FEF5,2,0.5649534896348264
010F091009161641501002247A01FF61,2,0.2632594222929212
011007120D0A345180100212E401FFB2,4,0.7334122369846975
010F0C17072310415011024E4701FF5A,0,-inf
010F041C0B312041501102B36101FFBC,2,0.3772848323324892
0110061609370B41501002ADA901FF8F,2,0.4552291893867992
01100713062E3251801002568801FFAE,8,0.46731437489000627
011007130A1D2351801002D3B401FF21,2,0.5442648491541947
010F041B0E170E415011012E2C01FFA1,2,0.6398982138904966
0110011A09370E41501002F73701FFB5,7,0.5909204296865868
010F0C1D0F14193150100133DD01FFE9,3,0.7122368946828928
010E0A1C10262541501001842101FF29,3,0.5385097791406714
0110020110000831508001227E01FF32,0,-inf
011002010D203631508001429B01FFAA,4,0.4543556664509319
010F0206072E1F415010014AE601FFC2,6,0.5152234117978822
01100B150D092F518010020B4201FF5A,2,0.27271248335027115
010F041B0E292F41501101E66301FF7F,3,0.28907050825969166
010F0C1809390E415011022E0C01FF9E,0,-inf
011002010F370231508001E40201FFBC,2,0.40204828119241853
010F0514072E264150110158D101FFB0,2,0.3231482500148233
010F0C170F2F2A41501102E71D01FFBD,2,0.2924450477925747
01100805081900518010027A5201FE13,5,0.3934092331711364
010F050B082124415011017DFC01FF77,2,0.57724305016457
01100312082D0A31508001ECF701FFB6,2,0.6118468971750869
01100B10081D1D5180100238D101FFA6,2,0.6035820325068266
010F0C17100D1E415011024A8801FF1C,0,-inf
011007160C301251801001BB5401FF93,0,-inf
011004130F01354150100238B101FF07,2,0.5286324737522962
010F041C091E0A41501102B37901FFCF,5,0.4156179103255725
0110031208282C315080014D9001FF9F,4,0.7276658546409058
0110061609152A4150100209CE01FF11,2,0.4307111575592087
0110091C09193851801001089F01FFE7,8,0.739241061551501
010F04170E0F384150110132E301FFC8,2,0.4285915507239275
01100312081B2531508001D09601FF2A,2,0.5251958948337728
010F090F0E3822415010029EBD01FF72,0,-inf
010F0908061E2441501002F58C01FF73,2,0.49253941293737247
010F080407171A415010023DC701FF05,6,0.9315029445811863
0110030E0E230741501102859C01FFE1,7,0.6672203931026429
010F07010D322A41501001E47401FF85,0,-inf
010F09100A201F415010023D8A01FF24,3,0.44683129624409706
011002180E1A1631508001928401FF7F,3,0.4746858953092427
011007161315295180100152DB01FE73,3,0.6306651055960658
011004130E1D2A415010020D5D01FF76,9,0.6181745885834673
0110031208162531508001617C01FFB8,3,0.6715840245373196
011002180D2E15315080017AFC01FF0D,0,-inf
010F0C120E1903415011021F9701FF4E,0,-inf
010E0A150814174150100130BE01FF0F,6,0.5780230820224175
0110011A0E0D2B41501002122B01FFAE,3,0.7658458822585121
0110030E0F15254150110236BE01FFFD,2,0.22076755104193543
0110041307170E41501002E57301FFB1,3,0.5205814374342781
010F07160D2F13415010028BCC01FF8A,2,0.6243795492065374
0110011A0A170141501002A07601FFF9,4,0.8015380724852691
011007160F3B095180100141EA01FE73,3,0.9395430339655171
0110080909330651801102CF5A01FF8F,4,0.7931656973059035
011004140B331C41501002ED8E01FF5F,3,0.6506457201780307
0110041608370441501002415701FF57,3,0.41603832268186924
0110020110012731508001B70401FFF7,2,0.0676996751410867
01100C05081104318020014DB501FFED,3,0.5212778156231697
01100C140B1B265180100198EE01FE1C,3,0.6116403785926261
0110091A05393551801002B15C01FF69,2,0.3592634647108046
0110071A05271651801002C6FA01FEEA,3,0.8565731891928567
0110011A0E060F4150100256A801FF10,2,0.8643849908165366
010F0514082A2941501101BF4E01FFCC,3,0.6665739866523422
010F0C170B043441501102832501FF3E,5,0.5159285013722271
011001140C232C41501002E75401FFA1,2,0.7051724316138632
011004140F1607415010021D2801FFC3,0,-inf
01100C130D350551801001527C01FEDA,2,0.6228233682282754
01100312090D2A31508001724D01FFD9,12,0.40081063490856245
011004130E2A0741501002751C01FF65,3,0.5116072096670233
010F041C0E060D4150110227C901FF1B,3,0.4457480777506219
01100B19071D3551801001C5D401FFF7,6,0.5886792659302315
0110030E0F1F1E41501102871201FF55,3,0.39350740991991096
01100B1209162951801001831F01FF06,2,0.2422317351959676
011101110A0602518010012DDF01FFDC,4,0.3678678192252971
0110060F0D13354150100214A001FF2E,6,0.40534439639728903
010F08030B242A41501002BFA901FF81,0,-inf
0110030E09192541501102E34701FFC9,2,0.18006420966245099
0110080506213A51801002062D01FE6C,0,-inf
010E0A1E0E1A3541501001874A01FFF9,3,0.8084282508784804
011002190D331C315080013A0501FF37,2,0.1181582909901762
011007120D0D07518010025C2301FF53,0,-inf
01100202093213315080011C8C01FFF3,3,0.7067371581654271
0111010A0A2833415011028C9A01FFB4,2,0.4419722194980514
010F0C180A1F1341501102872301FF42,3,0.5492609612675322
01100716131A22518010026DF101FE43,2,0.42508060514297774
01100C130E05355180100161CD01FE79,2,0.4625143036366643
010F041C0B2F3A41501102437401FF01,0,-inf
010F0907072A16415010029B6901FFF2,4,0.7715016173168374
010F091205382841501002EEAF01FF30,0,-inf
011003150D2A2F41501102C29301FF78,0,-inf
0110031208130B31508001025101FF5F,2,0.5630982430183653
010F07010C31034150100173B701FFDC,2,0.4106556750625884
011002190C273531508001718001FF79,5,0.4359231365692889
0110071306042F51801001235301FF44,2,0.2568865669479854
0110071607042551801001620201FF5C,0,-inf
01100716132E3251801001F05101FE3D,2,0.13898080509509728
0110031209142D31508001F18701FF16,2,0.8110176185119835
010E03050F2E1A31501001D39601FE98,3,0.5570536556018933
011001140A3912415010022BF001FFC7,2,0.509884590705375
010F0911063618415010028F7001FFE0,2,0.555972451673402
0110011A0E0203415010029B2D01FF56,6,0.87156900295214
01100416080A2D41501002040801FFE7,0,-inf
010F0B11082F0141501002028E01FF69,3,0.6803249209522019
0110071A052A035180100194A801FE7F,3,0.7352074659599015
010F090F0D321941501002F05F01FF8E,3,0.5771769358100014
01100805081B1151801002860401FE42,5,0.7264727445098096
01100B16130F1851801001060A01FFA2,5,0.5704853205443059
0110020209143B3150800150F501FF4C,3,0.6173219663210124
010F04170E041841501101263801FFAA,2,0.093048764092577
01100805061F1E51801002C53D01FEBB,2,0.3214108073834605
011005180D0119315010018E1301FE79,3,0.759367441607685
01100416082A0641501002741601FF70,2,0.41150381331113256
010F07020626354150100189C401FF97,3,0.3402880866435783
010F08040E3B044150100244FC01FFB4,0,-inf
01100114082A1041501002DC5F01FFBA,0,-inf
0110011A0D173A41501002DB1801FFE0,0,-inf
0110011A0C2D0441501002280501FFC7,2,0.7902239593523114
011003120912383150800162B501FF6E,9,0.5492098008909525
0110091B0B050651801002F8BC01FF1E,0,-inf
010E0A140D04114150100132C801FF15,2,0.5069217042744305
01100414092325415010025CFD01FF8A,3,0.8231584147114025
010F09190C2D184150100295A301FFA2,0,-inf
010F0C17101C0E41501102EA5301FFB2,0,-inf
01100B1208252751801002CB6801FF68,3,0.41206475388650876
010F090F081A1441501002DE8C01FF95,6,0.37952664313460654
010F041C07043341501102C1F401FF39,4,0.9053845487360362
01100B160F3B0451801001164D01FF3B,2,0.1850196236844331
0110041409251B41501002FBAA01FF46,2,0.6571688407782516
0110091A060B2E5180100216B001FFE4,2,0.1089951243446116
011009140D081031501001463801FF9D,2,0.5931395584550517
0110071610080F518010014D0501FE78,2,0.12152649838001243
0110091C091E09518010018D4101FFEA,6,0.6109020592766847
010F0C170D2E01415011024BAA01FFF8,3,0.6160377626867017
010F08050C2E0B4150100225C201FF14,3,0.4377491131164617
010F07170B330541501002B6E301FF53,0,-inf
0110030E09323B41501102692301FF38,4,0.6834756349077724
011002180D342231508001036701FF06,2,0.6106185920903574
010E0A1E0F203341501001CA7D01FF7E,0,-inf
011004130E2F1241501002250201FFBF,5,0.6350124964017382
010E07180C002A4150100125EF01FFE6,2,0.5954833883740132
0110030409283431508001F3AB01FFE3,0,-inf
0110071610022C51801001A6B501FE58,2,0.15671906460209475
01100712070F2E51801001D2B901FF25,4,0.5516154477332598
0110081906221D315010016B1B01FF71,2,0.3620915661417853
010D0814083A16F0E40203CAF40201E4,4,0.495119033729825
01100C130E0F07518010011BD301FEDD,3,0.75937994695585
010F0C170D1A0B41501102642101FF72,0,-inf
010F0C1807192741501102DCBA01FF4B,2,0.45945806408847145
010D021515060431500001966D010036,12,0.4886266589802443
0110031208362F31508001CC1301FF8C,2,0.12452310973724452
010F0C170D1D30415011022BE601FFBE,2,0.4135474535716418
010F0C17081009415011029D9101FFDA,2,0.41220296185222116
010F0C1D0F380331501001390C01FFA6,2,0.5579675146198247
011007160D2C30518010010F1D01FE5C,2,0.37815711579696093
0110011A07383641501002D4B001FF38,2,0.10541330245377173
011002190D350E315080011FDB01FF88,5,0.3415919839378052
0110091C0B162851801001D7C101FF07,0,-inf
010F020B0A001541501001037B01FFA4,7,0.46272182139507917
011009170F233251801001990401FFEC,0,-inf
010F04170D342441501102B14C01FFCF,4,0.6690544932777657
01100B160F150C5180100137A901FFDC,5,0.4803339257581008
010F090709182D415010028A8901FFDC,3,0.5871393350031109
0110071212223651801002903701FFC2,3,0.8148826733708117
0110071A0B162C51801002822101FEFC,2,0.6687397425795444
01100917132D1251801002041C01FF7A,0,-inf
01100413061E2941501002B7AA01FF87,2,0.5940784567904758
01100B17092C34518010014D0101FF34,3,0.46285386919681754
011002010F14273150800174D501FF57,2,0.22384345396950991
01100413062A1A41501002DD8701FF87,7,0.5079884231296232
01100C130D380951801001B1B601FE3A,0,-inf
010F0C1D10090F31501001C7E601FF60,3,0.5631740295406495
010F09110B1F3B41501002510D01FF70,2,0.10664510076076707
01100C13103A0F51801001423601FE1E,2,0.8146654958955021
01100312080E0431508001E84001FF96,2,0.3195554962013786
01100B150A1D0C51801002E18001FF58,3,0.6584103836922107
01100B0907053951801001620501FF4D,0,-inf
0110071A0A1C0651801002778A01FEBF,0,-inf
011002190C2D0F31508001E4A901FFFD,3,0.6326714777380552
010E0C01092E2F41501001094801FF8B,3,0.43445567124871115
010E020C082A2131501001DC1B01FF07,4,0.4506634220464858
01100B080E2B2B51801002897B01FF91,0,-inf
0110061D072B1641501002EFF501FEFE,0,-inf
010F080306151A41501002222801FFC3,0,-inf
0110091C0A201B518010019EBA01FF4B,2,0.570005291357479
01100C140B1D1451801001E0BC01FE16,3,0.6192478015640996
010F041B0E3A2341501102EE2001FFB4,0,-inf
011007150D021951801002ABEA01FF33,0,-inf
010E020C050225315010012E9D01FF5A,0,-inf
010F061E0E0E2041501001C94701FFDE,2,0.5858018984902842
01100B1812330F51801001B93B01FFA2,2,0.7661756553888964
0110030E0D050F415011027A9901FF06,0,-inf
010F030A0C310B315050019C2901FF04,4,0.6939044715097779
01100712130A0951801002DF2401FFCA,2,0.49454448694775965
010F0B0D0D312F415010022BDA01FFC3,2,0.207687695351007
0110091C0B311E5180100161F501FF38,0,-inf
0110071A041235518010017FFE01FE25,8,0.5228420145062669
011004120F003B41501002063C01FFAA,0,-inf
010F041C091F2341501102E9C001FF38,2,0.18522386820662323
010E06030B233241501001011701FFCE,7,0.47693115459758173
0110041507330041501002B79901FFA9,3,0.6331244560735355
0110071A052E215180100253EF01FE56,2,0.1861959054109994
011007120D002A5180100149FC01FF78,0,-inf
010F061909271431501401B3A301FFA1,0,-inf
01100B1806291C51801001642401FF17,3,0.7084876082230493
010F0C1D0F36223150100101A601FF27,0,-inf
010F08030B3605415010028DCB01FFA4,0,-inf
01100B170A0C21518010013D0F01FF68,2,0.4046497669859189
0110080508180851801001BDEF01FE2D,3,0.5713496779626099
010F0C18082E28415011021C7D01FF31,2,0.33045420077231663
011004190D1D3A4150110272DE01FF7A,0,-inf
010F050B082D3A41501101F87B01FF5B,3,0.658442518106797
01100B1610122951801001BC8B01FF5A,3,0.8677560907827403
01100B180E0026518010016C7701FFD3,0,-inf
01100C130E020151801001C11301FE0A,2,0.3843558159471964
01100C140A230F51801001893001FEF9,2,0.2759833800867936
010F091009040E41501002C94801FF08,2,0.5018301290557927
0110091B0B0D01518010012C4401FF60,3,0.8552013245190535
01100B1812311951801001835B01FFB0,0,-inf
010E080608220F41501001F43701FEDE,3,0.15209059479573334
0110041307240D41501002BBAF01FF93,5,0.48647097375846565
011004140D3A2A415010021B5701FF51,0,-inf
01100B1107260351801002053B01FF80,3,0.8368853264278541
010F0702091115415010016C7901FF31,3,0.6006345770141928
010F0417071D0C41501101D6A501FF87,4,0.7470348324220786
01100C130F3A3551801001259201FEBA,0,-inf
0111011F0D1B3851802001DB1101FF90,3,0.8249727421643798
0110030E0E131C41501102610601FF96,3,0.36661110903859456
01100C130D203B51801001687C01FEA3,2,0.7053306910438994
010F08040D0817415010025D1301FFA5,2,0.4187335756780871
01100713042C33518010017C7601FF9E,2,0.7473107184507024
010E0A1C11311A41501001FAFE01FFD5,2,0.8159097041295353
0110071A0B0D345180100210DB01FEB5,4,0.3832168284225134
011002180E183831508001398101FFBB,2,0.772805975199813
01100808102C0B51801001DF4701FF90,0,-inf
0110031208320F31508001B6D201FF07,6,0.36373793097089135
01100312081D193150800157BD01FF86,5,0.7953820496773969
01100B16131F29518010022B1F01FF46,3,0.7828082734878209
01100B16130F3151801002EEF601FFB4,3,0.45786166353485624
0110080506270A51801002E6A901FE3A,5,0.43398777513459164
0110071A043015518010029F4801FEBC,3,0.5525116357272511
010F041408312531505001E42F01FF95,2,0.6811247502783915
011004190F18114150110203B801FF3B,0,-inf
0110071A073437518010027E0701FEF5,0,-inf
011002180D320031508001A30301FFEE,0,-inf
010F080407352741501002744801FF22,0,-inf
010F0C170F2A0E41501102B4B301FF7B,6,0.4189201257284819
010F0514082C06415011013F5501FF66,9,0.6540101098867788
01100B1806243051801002762C01FFED,2,0.39048537855966525
01100B1907061C5180100141CF01FFB0,3,0.3491753266755177
01100B150E30053180900111FB01FF3E,2,0.14883960933459958
0110030F0C392541501102F88F01FF48,3,0.7307106552943636
01100119072F334150100238A301FFEE,2,0.5839681236551828
0110091C0B1427518010010D2F01FF66,0,-inf
0110091B0A363751801001625101FFBF,0,-inf
01100B150E3A11318090019BBA01FFDF,2,0.5483091861496394
010F04170E212441501101A47501FFC6,4,0.503086206441846
010F070F0C2525415010019DC001FF85,0,-inf
010F061D0E382341501001BB6A01FF9D,2,0.174241615599983
011001140A313841501002638801FFD9,5,0.7639441305220905
0110071A042E1951801002DB9F01FE27,2,0.5910811999719445
010E0A1C0F10274150100109FE01FFDC,7,0.5092171106706821
010F050B09162B41501101BBFC01FF3C,5,0.6918896067409717
011101110A041F51801001984101FFF4,4,0.6052047312013501
01100B19062230518010011FF301FF7F,0,-inf
0110091713282851801002DE1901FF92,0,-inf
0110091C0A291F51801001996401FF99,0,-inf
0110031208302231508001255F01FFFA,2,0.17069467293300386
011004190B2324415011024EE801FFA6,2,0.6373055320367688
011002180C351431508001AA9201FF42,3,0.3535676379154988
011009170F2D2551801002712A01FFF0,0,-inf
010F090F0D1C2E415010022A1E01FF96,0,-inf
01100C130E1206518010015D6101FE0B,2,0.6383296484847848
010F041C0E352F41501102E72201FFB1,0,-inf
010F0907062F2A41501002578B01FFFC,3,0.5688845940489085
010F091008363041501002DE0E01FFDA,2,0.5742380103409654
010F07020E153741501001E62001FFE5,3,0.3349745002274247
0110071206352B518010010F9F01FFE0,2,0.3559101333527464
010F0C1707212241501102815301FF0B,3,0.4463263935402579
010F0C1707180841501102CE9F01FF95,0,-inf
010F0C18092B134150110242A501FFFA,6,0.2708126874307289
010F061D0D1B1F41501001985F01FFED,2,0.1211340942102014
010F061E0C30084150100178A001FFCE,2,0.661130806987765
0110091C0B341951801001883C01FFCC,3,0.506617402363369
010F091106343741501002FE2001FFA4,0,-inf
010F030A0D0D2E31505001C10F01FFF9,5,0.5872796867518344
0110031209202A31508001220801FF5B,2,0.5067525038604853
010F041C0C340E4150110231C401FFE9,4,0.5604829585264259
01100B17092F3551801002155D01FF0B,3,0.40977790507731876
01100B150E3901318090015D9101FF57,0,-inf
010E0606072F2241501001201701FFB4,0,-inf
0110071A073B3B51801001434C01FEE1,2,0.261516530683109
0110071A0A2B0F51801001759101FEA3,2,0.7713773854710116
010F07010C2B3241501001A40C01FF2D,0,-inf
010E0A1010051C41501001F67101FF9D,0,-inf
011007150C171A5180100244CF01FFA0,2,0.5305875204575325
010E0604082E35415010019ED301FF69,0,-inf
0110091C042D0751801001F8DD01FFDB,2,0.13105873478273303
0110030E0D372B41501102679B01FFC9,2,0.539262285500113
010F07020E13194150100111C801FF32,3,0.5060199641343092
010F07170F072E41501002B83C01FFF7,0,-inf
010F07010820384150100105CB01FF16,2,0.4795816032969139
010F07160C270F41501002A5CB01FF7E,2,0.6374686495960648
0110030F09301B415011020C2601FFB3,4,0.24950876556040316
011004140E1818415010026D2201FF67,4,0.591117979410348
010F0C1D0F160B31501001FB7701FF93,0,-inf
01100B1008200751801001408E01FFF5,0,-inf
0110091C0A1E0051801001DD4601FF9D,2,0.11194007447980997
0110020208260D31508001918201FF9B,2,0.5533678009568389
010F090F09231741501002A03301FF1F,2,0.3225442827612236
0110071A06002A518010023E5701FE27,2,0.10186825317080868
011102100F232D31501001181B01FFB8,3,0.39834223262672863
011002020E291541501002B22701FF23,2,0.21438179957979403
011001140C37354150100203D301FFE9,6,0.7185678305859774
011001140E260B41501002182F01FFB1,2,0.4887127230411263
0110071A04283351801002D63101FE86,8,0.5005163533653118
0110071906101C51801001B58301FE84,2,0.4902548332518355
01100B18052C2551801001230B01FF66,2,0.19358858937790616
010F070108221E4150100114AD01FF3D,4,0.66223211584928
01100B1709393B5180100140AF01FF7F,3,0.4782597489798459
01100C13103738518010017DF001FE03,2,0.47892924755607913
0110091C0B353B51801001C38A01FF20,0,-inf
0110091B0A3726518010025DD001FF54,0,-inf
01100719062225518010011FAC01FED6,2,0.0983057843046476
01100B19073522518010011E8D01FFE0,2,0.21129529781337975
011004190D331C41501102433001FF5F,4,0.8721525420989629
011007150E120A51801002110B01FFAA,0,-inf
010F0C120E1E2041501102BA9E01FF8A,3,0.8444519006476436
0110091B0B032051801001C1DF01FF1B,0,-inf
011001160E253A415010028B9701FFA6,3,0.39425324247835536
011002180D201F31508001583901FFF6,3,0.6381606971343314
010E0A1C0E1A2F41501001345D01FF41,3,0.5753121742407935
0110091A06090E51801002A2D101FF59,2,0.14317892573925076
01100B150E311831809001094601FFE7,2,0.6467181838083833
0110091D0D070751801101AE0601FF17,4,0.45679914035397085
0110080905220151801002B22901FFF8,0,-inf
010F070707042941501001890D01FF76,4,0.38076318693527605
011004130F190841501002ED4F01FFC9,2,0.15941206029736563
0110031509022041501102FABB01FF53,2,0.6644467774697443
0110071905322951801002AB4201FEA0,2,0.6572659723730631
010E0A1C0F361941501001A6B801FF6D,2,0.205900021843072
010F041C0C2E054150110294B901FFA0,0,-inf
010F050B091B2341501101F32801FFDB,2,0.3225125884447708
01100809051F0451801002309201FF11,5,0.7203472515125144
010F08050C2616415010026AAE01FFE0,0,-inf
01100B180E082A31802001D54501FFA0,0,-inf
010F02050D052641501001206401FF8B,0,-inf
0110030F0F0D0C4150110293EC01FF92,0,-inf
010F09070C121941501002FB0701FF04,0,-inf
011002180C363B31508001A89B01FF13,0,-inf
010F07160932274150100203C901FF02,3,0.46315154757840227
0110041506212441501002A87601FFCA,4,0.8112687064703428
0110071612251F51801001AE9A01FE53,0,-inf
010F09070E320341501002A16101FFF8,4,0.3037533358304653
010F090F08331B415010021D1701FFAB,2,0.5950999213374476
010F09040C3B0D41501002796801FF0B,0,-inf
010E020B0E2A1631501001E6E301FF3B,2,0.09233121185842953
0110031209251731508001FF8F01FF05,2,0.23881035094084005
010F08030F133041501002C7D501FF54,2,0.0792184477391897
010F061E0B2D1941501001F5B101FF33,2,0.352130195320318
010F071009030041501001C3B301FFB5,7,0.5501105134061616
01100B150E37103180900116C501FF5D,0,-inf
0110080507281C51801001E98001FE4D,2,0.433317050044043
0110091B0A39345180100165F101FF1C,3,0.42332220728127345
0110091C0A213A51801001160701FF66,2,0.0835395352194263
0110071A072325518010011F1301FE6C,4,0.5264046326047783
0110071A0A2E14518010015D3101FE13,2,0.13949598090897786
010F0C17071E0C41501102460101FFB1,2,0.45804208909743727
010F0C1808362E415011024CDB01FF95,2,0.25635539635544463
01100805062029518010015AF501FE63,2,0.14003603071794676
0110071A0A243851801002980A01FEE4,0,-inf
010F041C0E383341501102CF6901FF7B,0,-inf
01100B1D1228335180100141E401FF53,3,0.5718624328656009
0110030E10041B415011022C1701FFC8,0,-inf
01100B180E271331802001624501FF0B,3,0.6165114180660183
010F041C0E2E2041501102CF0E01FFF3,4,0.3400814274052239
01100315091426415011026C5B01FF29,0,-inf
0110030E0F252E41501102DD2701FFD4,2,0.6642456500722979
011002180D02203150800143D801FF89,5,0.30828812802284195
0110030F072E0141501102102701FFCC,2,0.7376038598816625
011002190D1613315080011BA401FFDD,0,-inf
01100712071D2E5180100138C901FFA1,0,-inf
011002180D003531508001BF0F01FFC3,3,0.2876105521113727
010F020A130A1D4150100107F701FF0A,2,0.5590860191756519
010F07010D0B024150100158D301FF01,4,0.7604262208806912
0110071A05362E5180100222E101FE80,3,0.45719956122167427
01100B10072B0751801001694E01FF02,0,-inf
010F090F0902164150100292B401FFCE,0,-inf
0111010A0A123441501102F24601FFB7,3,0.6458214653506881
010F050B09132E415011012D6B01FF5B,3,0.842642340993248
011002180D052431508001828301FF98,0,-inf
010F090706250641501002585F01FF55,3,0.5937554030813882
010F0C100C252931501001085B01FF85,3,0.948807626402344
010F0619092B3A31501401E2E501FF06,0,-inf
0110091C0B3B0E51801001015001FF43,3,0.3374894255911297
0110080507250751801002BBEE01FE24,0,-inf
010F041C0F063241501102D4CA01FF47,2,0.43235446311403375
011002190D042E31508001089601FFF5,0,-inf
0110020208203431508001A40401FFE5,3,0.6251439303948464
0110071A0B180B51801002764501FE03,3,0.5542714191575774
01100712130D2F51801002836401FFBD,2,0.24926651875575945
010F02050A171F415010015C4501FF66,2,0.29870831529884284
01100315091136415011023D2F01FF77,0,-inf
010F02040C1014415010019B1B01FF62,3,0.8146184014497554
0110011B0A202E41501002836901FFEC,0,-inf
0110041608253241501002EA4A01FF9F,0,-inf
01100B0F082235518010027BA301FF75,0,-inf
011004130D213941501002DB7701FF7C,2,0.09240168523482611
011002190C391C31508001CD0E01FF96,3,0.6138415763685782
0110071A06042F51801002FAE801FED1,2,0.5113444223546383
011002180C261F31508001C62F01FF8D,6,0.42655454940461446
0110030F0C3812415011029FA801FF9C,8,0.5806552974262589
01100809052A1E51801001A8FE01FF09,2,0.2602006115864169
0110041508173B41501002813501FF23,0,-inf
011101110A090851801001D1E801FF26,2,0.24804688917527423
010F090708150741501002A22B01FF4C,0,-inf
010F080406292041501002147801FF66,2,0.19203405666073203
011002180C25063150800109E201FFB1,3,0.5038471241721161
011001140A3618415010024CFF01FF94,3,0.29230360179941695
011002180C2810315080015A3301FF02,2,0.3403518693189376
01100C140B193B51801001008101FE0E,3,0.881172379882812
011007120D102F51801001170001FF91,4,0.6878271336354521
010F0703080F0F41501001581601FFB0,3,0.37746284087295806
010F071708081D41501002BE0701FF3D,0,-inf
010F07160E113941501002248F01FF25,0,-inf
010F0B060D190B41501002E95F01FFC3,0,-inf
0110071409260A51801001C66901FF8A,0,-inf
0110030F07183B41501102EC0601FFED,0,-inf
0110071207030D51801001A6C701FF70,2,0.17696252669766163
0110041908023941501102063001FFB5,0,-inf
010F041C0C102041501102786701FF11,2,0.209844387008215
01100B1D123B2B51801001B27101FF4A,0,-inf
011003090D190731508001CBA101FF48,2,0.12905662977685983
0110041607130B41501002F12401FFF8,0,-inf
0110031208381C315080016AB901FF59,3,0.49850126957880986
010F0907070A1D4150100269A201FF04,0,-inf
0110031208222831508001CEDF01FFD9,0,-inf
010F08050E062D41501002E44201FFD9,0,-inf
0110071906100251801002B9D501FE47,3,0.7131735325802291
011003090D1A2231508001F93201FF6D,3,0.5286951356424945
01100716100931518010019DEC01FE1E,0,-inf
010F061909243831501401B57C01FFA5,0,-inf
010F07150E23054150100296CF01FF96,0,-inf
010E07180C10234150100162E901FFA6,2,0.46148075554874385
010F091108290D41501002691E01FF6E,2,0.18092340938839588
01100719060920518010028D9901FE98,6,0.835020425816941
011007160D2F30518010026AA901FE71,2,0.2231925773609293
01100809092D1651801102817D01FFB0,0,-inf
01100719060E0B518010025DD901FE98,5,0.4479627455931024
011002180D19373150800163FD01FF16,3,0.5790528367674589
01100B19071A2C518010018AF401FF1E,3,0.38120590416389794
01100B150F06093180900151FF01FF1F,0,-inf
011007120D0D0351801001331301FF91,2,0.10615866993925038
01100B16130D14518010017C1601FF26,4,0.5045876500225985
010E0A1E0F080441501001812601FF65,0,-inf
010F0C1D0F3B0A3150100137F801FFB2,2,0.11361284033833599
010F0C18091E26415011025B3F01FF41,3,0.43688310225296173
011001140F110A415010020D4001FFC0,3,0.34052574168814514
011004130620034150100219DE01FF15,2,0.23182419581430383
0110011B09080341501002ED9D01FF92,0,-inf
0110071A05341751801001020301FE98,0,-inf
0110071A09293651801001E5CA01FED6,2,0.3448794630777246
01100610060F0841501002F5A601FF7E,0,-inf
010F04180C391B3150500159E201FF67,2,0.6451818674720587
0110071905292151801002E35501FE66,0,-inf
010F07010F0A1341501001A2D901FF9F,0,-inf
011007150A301251801002BA9B01FF4F,3,0.43717050060207074
011004190D35124150110238CD01FFD5,0,-inf
0110071908192F5180100288EB01FE2A,3,0.46738138588390116
0110091713343951801001A03501FF98,2,0.11212214592632386
0110091713323451801001CF3F01FF66,2,0.11539761949056655
010E0A140E1117415010015DE001FFBE,0,-inf
010F070906212941501001953F01FF1A,0,-inf
0110091D0A202851801101817C01FF97,2,0.10014195525045912
0110011A0D0105415010029DEB01FF96,2,0.6517546493480014
0110031208260431508001239B01FFE8,2,0.32909605002815284
011002010F121E31508001D28101FF58,0,-inf
0110020209201A315080011A1601FF76,3,0.6120815256174827
0110030F0A2E154150110299BE01FF95,0,-inf
0110011A0F280741501002741301FF6C,0,-inf
0110041608042241501002E63301FFEB,2,0.5624996906359384
011007160D342951801001683F01FEE0,4,0.5796495186614044
0110041306130841501002AEE701FF7F,0,-inf
01100C05080F0D318020017F8E01FFDB,0,-inf
010F09070C053241501002DDCF01FF4E,0,-inf
01100B160F290251801001FBAB01FF0C,2,0.7455894417466171
010F041C0F022941501102E26901FFA7,0,-inf
0110071A041B1E51801001D7B401FE25,4,0.6591524600921763
011002020D101F31501401720101FFA6,0,-inf
0110020208242131508001013D01FF5E,0,-inf
01100312092C12315080010B4901FF3D,2,0.5665290984674728
01100805061D1151801002A98F01FE94,3,0.44613480244067144
011007130A1F1451801002D45301FF8E,0,-inf
011002190C253B315080018F7101FF66,0,-inf
010F08050D313941501002586A01FF07,0,-inf
010F091106263B41501002F18F01FF4C,0,-inf
0110071A0A2F3451801001A3DF01FEFE,0,-inf
01100C140B163951801001F08B01FE19,3,0.5141966563545498
010E0A10113322415010018B6F01FFD5,0,-inf
010F0907082511415010023C0601FFBD,2,0.08936360696990486
010E0A0E0D0F1B31502001D3A801FF85,0,-inf
01100B150F030A31809001DB4101FF55,2,0.152786640621651
010F0702061E1E4150100129A901FF31,3,0.47650670225995084
01100B170A0E315180100115D601FFB7,2,0.5958547176794319
011003150818024150110206C001FF4B,0,-inf
0110080508113051801001607E01FEDA,2,0.11530820310418462
0110011B082208415010021AEB01FFF9,2,0.12162613224993775
010F041B0D372041501102C3F101FF15,0,-inf
01100719060803518010011A5701FE6C,3,0.8346986073965463
01100B160F183451801001C0E001FFF1,2,0.5236884862990729
0110030E0A1F3741501102646D01FF09,0,-inf
0110071904363951801001B4FE01FEC9,2,0.08598402844984038
010F041B0F100041501102595401FF61,0,-inf
0110071A0A211C51801002D3A801FE2A,0,-inf
010F07140D351D41501002FB6001FF78,0,-inf
010F07150E053641501002E30B01FFFA,3,0.4665499218987173
010F041C0C193141501102375301FF4C,2,0.31926541103791345
01100B1511260F5180100289E501FF38,3,0.14664883296112524
01100B180E04305180100150DB01FF7D,0,-inf
01100419080E0B41501102DB6F01FFC3,0,-inf
010F041B0E062C415011023AAF01FF04,0,-inf
011004130D260541501002CA4D01FFE6,0,-inf
010F09070C1B04415010028DDA01FFAB,0,-inf
0110071213121A51801002FB7601FF43,3,0.4971149145355343
010E0A1E0E190B41501001332C01FF96,0,-inf
0110071A0A2E3A51801002725101FEB7,2,0.17049580597482064
0110071A0A341451801002121201FE76,2,0.1494391613942657
010F0C160F39314150110264A201FFAB,0,-inf
01100B161333085180100289DC01FF38,0,-inf
01100C140D1F3251801001175D01FE1C,0,-inf
01100B150F071D31809001625B01FF9D,2,0.10109976517809909
010F091105310A415010028DA201FFC4,0,-inf
011007190906285180100173D201FE72,0,-inf
0110071213083151801001B08701FF71,2,0.10279377047779198
011008080E3A2551801001F0A601FFFA,0,-inf
01100809092F275180110198E201FF22,0,-inf
011002180E102D31508001BBF401FFD9,2,0.2661106962600948
010F0C1D0F34073150100164D001FFB7,0,-inf
0110071612183651801001835201FEBC,0,-inf
0110041908392841501102406E01FF17,0,-inf
010F071708011B415010025CE401FFCB,2,0.18093973212012623
010F071106161C41501001984801FF1E,0,-inf
01100C140D323251801001D69501FE12,2,0.1604623867505112
011002010D272931508001FF7101FF1D,0,-inf
010F0C180A2821415011028FA201FFA4,0,-inf
011002010F162D31508001F76C01FF35,0,-inf
010F07010F173041501001862201FF48,0,-inf
010F0C1808140141501102621801FF91,0,-inf
01100C140B260551801001D74C01FE95,0,-inf
0110091C0B1C0D51801001465D01FF11,0,-inf
010F090708291A415010028CF401FF72,0,-inf
010F0C1D10052A31501001745A01FF28,2,0.5972526465208233
010F041C0E0D2D41501102234101FF80,0,-inf
011002190C3531315080011FBB01FF86,2,0.08793366707233663
010F07010F103841501001924801FF15,0,-inf
0111011F0F000B518020016A6301FFF5,2,0.18462247085736533
0111031D0C173331806001320201FE33,2,0.6612157317068568
0110091C0A261A51801001446601FFF4,2,0.08218916619184317
010F0C160F2823415011022BE501FFC0,0,-inf
010F0711061F1841501001776201FF20,0,-inf
010F09070917124150100206BB01FF4A,0,-inf
01100610071F3241501002FFE801FFF7,0,-inf
0110071507182A518010015B9501FFB8,0,-inf
010F041B0C361541501102A65101FFDF,2,0.31777378629774194
010F080607021B415010028E8701FF06,0,-inf
010F0A0208040931505001179E01FF48,0,-inf
011003150D1E11415011027D5F01FF1B,2,0.10853266511299499
01100B150E353631809001AB3B01FF2E,2,0.09489936080878915
01100413091E1C41501002471E01FF8D,2,0.654694575222842
011003010C222631505001B3BB01FF57,2,0.48344940337402326
0110071A07253951801001A23501FEB1,2,0.36461922041544903
01100C130E080351801001A53401FEFD,0,-inf
0110011A0A283741501002AF3B01FFDE,2,0.31058712462123333
01100B090A280451801001055001FF6E,2,0.6111585800875948
010F0911082A2B41501002D32401FFDF,0,-inf
010F0C1D0F1231315010017A2901FF40,0,-inf
011007190529375180100176EF01FE24,0,-inf
0110071905221951801001DDC201FE0F,0,-inf
0110071A07213A51801001809F01FE6C,0,-inf
010F061D0E082D41501001916901FFEE,0,-inf
011002020D300631501401DE6101FFD3,0,-inf
011003150819184150110232E401FFE4,0,-inf
010F07020D292F4150100117E601FFE3,0,-inf
01100B16132121518010026FCA01FF5D,0,-inf
01100805081D1851801002C32001FEE0,0,-inf
010F04170E0531415011010C0D01FFD5,0,-inf
011004160718374150100240D401FFC8,2,0.3747904954469707
0110091B0B0B0251801001AC1401FF11,0,-inf
010F07160E300D41501002445F01FF42,0,-inf
010F0C18082A3541501102178F01FF1B,0,-inf
01100713072A1951801002D1EF01FFE8,0,-inf
01100B17101A275180100230E201FF87,0,-inf
01100B150D1818518010025B5E01FFF6,2,0.5213756995526581
0110091B0B080551801001735401FF0A,0,-inf
010F07010D380541501001170E01FFD7,0,-inf
010F0B0D0E141841501002586201FF41,0,-inf
011008081028165180100175E401FF56,0,-inf
01100B1714192551801002515E01FFE9,2,0.13929765955685003
0110011A0A181D415010028F1401FF4F,0,-inf
010F08050E37044150100262AF01FFE6,0,-inf
010F0C180A261D415011024F1901FF73,0,-inf
0110030F0F08364150110240E901FFC3,0,-inf
01100C140B202451801001250301FE77,0,-inf
0110071A0B06345180100141FE01FE69,0,-inf
01100C130E000351801001AA3701FEFD,2,0.5285991190176106
