kuantic_id,numrides
010E0A1408253141501001363A01FF63,14
010F0A02081B3431505001131401FF94,65
0110071A05391C51801002590801FE31,43
010F0C1707373541501102D00A01FFDC,3
010F070109063A4150100168F001FFA5,22
010F0C1807330E41501102B14201FFED,2
01100B17142508518010023A0C01FF63,1
0110080508262251801002473F01FE2A,24
01100B180D37333180200157C601FF66,5
010F0C1809050E4150110235E501FFF2,40
010F0514073B39415011014C2B01FF42,9
0110030E0A191841501102833301FF49,26
0110091A043911518010025D0001FF3E,1
0110031509051D41501102C5EE01FF55,15
010F0C170B020941501102DEB001FF85,31
010F080307302541501002211101FFB4,24
0110071908150351801002633501FE35,19
010E0C120F211F31500001C814010025,26
01100B12082B1151801001F73201FF83,171
0110071A052B2E51801002E25601FE56,9
0110091D0A1E3451801101570C01FF27,22
010E07180F0A2F41501001542E01FF66,45
0110030F0A2B29415011026EB601FFB7,43
010F0C1710181A415011020AA301FF3A,17
010F04180C360E31505001325301FF2D,2
0110071A09141451801002E52301FEB3,37
01100B080C1E1751801002F5FC01FEC8,15
010F041B0E041041501101BD5101FFFE,26
010F07080D153441501001BB3F01FFEF,22
010F04170D150A41501102DB7601FFB4,45
010F0A0207350231505001F15B01FF88,29
010F041C0931024150110205AB01FF40,30
010E061E0D383041501001CEB401FF34,20
0110031508053541501102E20B01FF04,19
010F0911090B3341501002DD6501FFAA,33
0110071A07183A51801001416D01FEE6,24
011004130E3907415010023B9301FF19,32
0110061008080E415010024DC001FF0B,4
0110031508362441501102633501FF39,21
01100B1907183751801001D65F01FF5E,30
01100B16130A1F51801001333901FF44,13
0111011F0F1B3B31501101095301FF7A,30
01100610080333415010022BC701FF06,2
0110011A0D112041501002DDDA01FF3C,43
01100312081F06315080010D8801FF16,10
0110031509391F415011024CDB01FFAB,22
010F061A09350141501001FC9B01FF58,30
0110030E0A2B3241501102338C01FF14,30
0110080506281B51801001521B01FE4B,32
0110030E0C262041501102E86801FF98,2
01100719081C1E51801002119501FE05,26
010F041707223B41501102445701FF32,19
01100805082638518010018F1E01FEEE,37
010F09080621264150100245C701FFE3,7
010F0C16100A3041501102280301FFB5,56
011002110D1E2131508001A73F01FFA8,23
011004140C1C0B41501002351501FFB7,19
010F0C170F280941501102951301FF41,30
011004130D271D41501002EE0D01FFE9,22
010F030A0D042231505001005001FF8E,9
0110091C09131C51801001ABC601FF3F,19
010F0C160C2D3841501102EFF401FFD6,20
01100805081F2E518010025F7301FED9,21
0111011F0E2228315011016C9901FFDE,4
010F0C17073921415011022C8801FF14,19
010F0C16100531415011027E8C01FFDA,21
01100610070A2041501002F8CF01FF3E,32
01100B180E2905318020015B1401FF4F,3
0110031508121D415011020A8601FF6C,72
011008090B0E0E518011024A2B01FF5E,32
01100C140E0936518010013EA601FEBD,12
01100616093230415010027CF401FF55,10
0110071A0A200E51801001892801FE04,34
010F041E07151F415011029B1801FF3C,7
0110090E06370531801001AA4B01FFDF,29
011006160A040B41501002289801FF57,26
0110080508001B5180100138BC01FEEA,32
0110030F08391641501102C23101FFEF,15
0110091C09111451801001445301FF23,26
010F061D0E1C1F415010016A6801FF10,27
0110030F07211241501102C39101FFAB,14
011004140D372041501002E67601FF74,9
010F07010B392F41501001C25F01FFB2,49
010F07170E143941501002B49A01FF86,36
010F0C160A190F4150110241CA01FFED,33
01100B17102025518010010C2901FF61,34
010F061D0D220141501001995201FF10,11
0110030F0D3731415011020C7401FF44,33
01100414091D3941501002F83001FFAD,6
010F041C0C1E39415011023DED01FF9F,12
010F0C17071211415011022DC101FF11,8
010F0C17072635415011027AD501FF78,49
0110011A0A0333415010029C2601FF2F,42
010F041C09192D41501102F82801FFBD,8
01100416080832415010022D6601FF5D,14
010F09040D052141501002D9C401FF70,18
010F0C170F3316415011022A5601FF51,15
010E07150E253041501001093601FF91,53
011004130E0833415010023AF801FFBA,6
010F090F08270441501002169901FF53,8
010F08030C0C2641501002218801FF5B,23
010F0C170E1A3A4150110215CD01FFE5,8
01100119073A3941501002A84701FFC9,13
011007120D061251801001C87701FF90,39
011004140C1A1341501002860201FF73,39
01100B120918345180100225D801FF9D,108
010F041E071B1A41501102909601FFC8,37
010E0A1C1002164150100189AA01FFCE,31
0111010A0C351C41501102E5F201FF0B,22
01100C130E152751801001484401FE19,2
0110071905261251801002C30301FEEA,27
010F0C180A060E41501102EBDC01FF43,46
0110080906011D51801001CA8301FF8B,12
010F041B0F131141501102C80D01FF25,66
0110080905203951801001F41501FF95,34
011003150D2921415011026A9001FFE2,51
0110030F0D222A41501102ED6201FF91,10
0110060F0D1E0241501002E62601FFFE,29
010F050B08360141501101E10201FF1B,31
0110011A0E152941501002848401FFDD,16
0110020208321531508001BACA01FF16,14
0110071607193751801002FCD101FFCB,19
011007160C2E2C51801001975901FF9A,25
010F0C160D330941501102374C01FF5E,18
0110071A09143B51801001261901FE56,21
010F050B083B0D41501101521501FF86,9
01100B1907160351801001571D01FF55,22
0110041308082E4150100297A901FFB7,21
01100B080C0B2E51801001F5A401FE1D,25
0110041306272541501002082801FFB3,39
0110011A0E001C41501002E13601FFF0,35
0110030F09341A41501102611B01FF66,25
010F0B11080332415010021E0201FFD4,81
01100315081C2541501102A5A101FFA4,56
01100B090E2220318020014E7501FFF6,26
01100B18062F0D518010010CDC01FFC0,3
010F091109183741501002988D01FFB6,40
010F0B0D0E000141501002987901FF15,38
0110041408392541501002E1C501FF28,13
01110215093404315010012E3901FF9D,26
010F0C1610102241501102031801FFCD,20
011002180F052E31508001E86D01FF3C,8
01100B1610061551801001E1C601FF1A,13
010F0C16092520415011024A5701FF3B,22
0110011409163841501002A3AB01FF92,2
01100809053922518010020F2801FF64,58
010F041C070E23415011023B6701FF52,56
010F09070B34144150100261AE01FFDB,23
0110011A0E031F41501002115401FF9C,12
0110041909362841501102A5EF01FF33,46
0110071A04170651801001D6C001FE36,28
0110071A06020751801001899201FEC3,25
010F030A0C271F315050015E5801FF09,4
011004190C341C41501102D44401FFBA,42
0110071207012D518010010FD301FFDD,27
010F07140E383841501002733C01FF05,60
010F0C160D15164150110203D201FF1D,37
010F030A0C361231505001082101FF94,13
010F090F09090341501002A10E01FF71,31
0110071A071F1E51801001552701FE2D,14
010F061E0C321741501001354201FF5E,26
0110030F09220A4150110278F301FF99,27
010F0C170C1C0741501102A67201FFE2,53
011004130D390241501002198701FF4D,6
010F090F0D1F334150100266D701FF99,30
010F041C091C2741501102096301FF74,67
0110030E1002314150110291C401FFA2,32
011001140F0C32415010023BC901FFE6,10
0110091D0A291D51801101BAC001FF1C,18
01100B180E0C05318020016A7901FFF8,49
010F061D0D361741501001F99C01FF3C,14
011009140D063131501001BC6801FFD8,8
0110090E061C30318010012BA401FFF5,40
0110091B0B061151801001621001FF55,13
010F041C083916415011024BE801FFA2,5
010F090F0D271441501002629C01FFEF,18
010F0C160A2F0D415011020AFE01FFDC,30
010F041C07313A41501102E8BB01FF17,14
010F0514070D1141501101E66501FFC4,4
010E01030C1A2C31501001D8CE01FE64,24
010F02050C2B38415010014E2401FF66,15
010F050B091D1C415011018E5801FF15,40
0110011A0D143B41501002F67C01FF63,71
0110030F0C202541501102D07801FFA0,54
010F061A0D071A415010015F7101FF30,41
010F0C1610090D4150110295F501FF7A,29
010F09040C3130415010024FEA01FF9A,35
011002190D01013150800110D501FFDE,8
010C051D0E0E0BF0E401039A9E020098,27
011006070C251631501001325C01FE7C,23
010F0B12092F2831501001923B01FF14,16
010F041C08181841501102995901FF02,3
01100413060828415010021F0201FFDE,33
010F0C17100F2441501102071B01FFC4,28
011004140D2C2741501002B22901FFF9,42
010F07100C2A0141501001038801FF75,26
011002180C231F315080010E9A01FFDD,8
011007120D030651801002AA9701FF9C,21
01100315093A2D41501102D88301FF68,20
01100416083A04415010020C1801FFC8,15
0110031209232B31508001E3C701FFD7,17
01100B180D3433318020019E2401FFC4,4
010F041C0F081041501102088701FF76,21
0110030F07160E41501102EB0301FF20,1
01100805081225518010024E5601FE1D,9
0110030F08011241501102AD7501FFFC,6
010F090F0B181A4150100248D401FFDC,20
010F09070D292741501002A09301FFAD,26
010F061E0E132541501001D61901FFF5,41
01100B170A040351801002124001FF87,10
0110011A0A092141501002644B01FF4E,15
010F08030D141141501002F03D01FFE3,22
0110090E09282D31802001A01501FFF3,34
010F08030C120141501002997801FF12,7
010F0C100C3A2131501001107701FF54,6
011002010F2717315080013ED401FF8B,13
010F0C1707322F41501102C20B01FFF4,35
01100312080F3431508001605101FFDC,10
0110030E090E0541501102164101FFC7,20
01100312091B2231508001BBD201FF05,8
0110011B0A2F1341501002FDE001FF07,5
010F041C0E0725415011026D3201FF53,5
0110061007170641501002D9B501FF84,3
01100B12091B0C518010010CA501FF0F,116
010E0A1D0D25374150100145DD01FF9D,20
010F04180D0D38315050012F6301FF1E,85
01100B1905390B518010012FF001FF81,2
011003150D2E2141501102919501FFB1,33
0110071A042A3451801001F19601FE04,42
010F061A0B2C1E41501001BA6601FFB9,44
010F061E0E1526415010011B0201FFC4,47
011002180C333A31508001524A01FFBE,3
0110030F070F1941501102CCC201FF7C,122
0110071A081D2551801001535101FEFF,10
0110011908071441501002CFF601FF4A,45
01100809051C1351801002C37701FF8D,33
01100713042E1B518010019D3401FFD5,6
0110080508242A518010025E1101FE3B,26
010F0907091B2941501002A05301FFFD,37
010F041C0C090C41501102860401FF81,80
0110091C0B373851801001ECBA01FFC8,36
010F041B0E0D0541501101166101FF97,15
010F090F08210C41501002D3BB01FF72,11
010F0C170F201041501102837B01FFEC,58
010E071C07042A415010014BFA01FFB2,50
010F061D0F0D3141501001CA5901FFBB,46
011002110D202231508001BDD101FFFD,22
010F090F082821415010025D0D01FF7A,29
010F07020F1221415010010E6401FF91,9
011003150D1F3641501102BA5401FFC3,3
0110080906050D5180100251B901FFD9,29
010E0A1507282F415010014ACC01FFBC,6
01100917132F0551801001E11901FFAC,5
01100716131D39518010017CE401FE28,11
0110091C0C032E51801001C9ED01FFF5,4
010F0B100F3A1F41501002793501FF1C,7
01100413062118415010028F6E01FFF9,17
010F041B0E1D2441501102C75B01FFBC,45
010F020607370541501001BE5B01FFEA,34
01100C131000235180100137F101FE94,7
010F0C170F002E41501102B87201FFC2,17
010F08050E29004150100209F501FF0B,11
01100C140E1A0051801001242C01FE76,21
0110031508110D41501102C27B01FFD0,44
011004130E2528415010021F4D01FF6E,18
0110071A052B1F51801001A3C601FE35,30
010F041C070D0641501102D97A01FFBF,76
0110030E100C1641501102F6AE01FF64,31
0110091C091C2951801001716C01FFBD,31
010F090F081D1C41501002FCA201FF56,21
01100716131903518010010DD401FEE1,35
01100805062317518010017E4B01FEF8,49
010F061E0C111541501001164101FFA1,8
0110011A0C2032415010026EF401FF71,33
010F090F0701214150100289F301FF90,7
010F0B03073111415010029E0F01FE4A,1
011007140B0B0851801002741201FF4D,7
0110080508300E51801002FF6301FE58,28
010F07100E143341501001AA1701FF21,40
010F041B0C2F00415011022BFA01FFCD,36
01100414083726415010025C8B01FFE8,23
0110041607230741501002E43F01FFDE,20
0110030F0D000B415011022B1201FFE4,3
010F0804093419415010021CCB01FF04,1
010F041B0E0A2C41501101091301FFCE,34
010F0C1D0F192831501001854801FF18,12
011004140B2D2E415010025C7001FF02,29
0110030F0D2D1E41501102765E01FF0D,16
010F041C0E3A174150110225E701FFC1,19
011001140D243541501002114E01FF72,17
0110090E09382A31802001DD6701FF57,28
010F041C0E370C41501102509E01FFED,27
011001140E133541501002CABF01FF58,27
010F041C09222441501102864201FF15,47
010F09040C260641501002FEEC01FF1E,49
010F020B0F222541501001C2FB01FF2E,20
010F0514080113415011015C8E01FF2E,50
01100B150D031A51801002E9FB01FFDE,219
0110091B0B0226518010027DD601FF62,5
010F061A093319415010012FAE01FFFC,30
010F04090D1E2531505001416B01FF15,45
01100B1208280851801001C63801FFBA,174
010F0C170E0B1A415011029CE501FF75,24
010E03050A1E3731501001113201FEB6,4
011002180C211A31508001E86701FF3D,11
0110071A09111051801001B0AB01FE68,39
0110071A07301351801001C56B01FE73,4
0110031208143631508001095D01FF20,6
01100610071E1B41501002222101FFB3,12
010F041C091B0F41501102B0E201FF67,21
011004130C200441501002A6E201FF7D,9
010F0716080F384150100259B701FFD1,38
0110071A0A26325180100297CF01FE24,3
0110030F0A000141501102096701FFBE,65
01100B080C1B1751801001B4E101FE28,35
011003150916034150110280A701FFEA,58
0110071A0A2C305180100194A601FE4D,18
010F041E080009415011023AF801FFE7,6
0110030E091A37415011021FDB01FFE6,3
011007160D350F51801002407501FEEA,9
010F0B1107340041501002C36E01FFC5,6
01100312080C1F315080015F8501FFC1,10
0110011A0C392241501002A68001FFA4,23
010F041C0F0A0D41501102DF7501FFB2,1
010F061A0D0E1841501001CA7201FFBF,19
010F071608362C41501002A99A01FF83,28
011002190D363A31508001F09001FFD5,11
011004130E3A1A415010021E9801FF1D,20
0110030F0C1D304150110236D901FFD1,51
010F0C1D100723315010011D7401FF6A,8
010E071D063A0F41501001EFAA01FF43,18
011004130C13354150100251C801FFC8,20
0110071A04121A51801002679601FEBF,9
010F0C1807310941501102E85D01FFA2,12
011002190D1B3631508001895201FF99,28
01100616090B0E415010020D9401FF6D,15
01100B150F013131809001082901FF1B,6
01100B080C0633518010020B9E01FE0C,34
01100413081B3241501002AAC601FF70,1
010E0B190F210431505001BA7D01FF90,13
010E0A14101F0541501001B0CA01FF83,9
010E03050B041331501001C1DF01FE96,14
010F0C170D1B2E415011020CDA01FFED,25
010F0911063919415010027FF701FF65,3
010F030A0C212E31505001D9B101FF2C,8
0110011A0D191D41501002854901FF20,42
010F0B090F081941501002EDAC01FF70,6
011007140906155180100269F101FF73,49
0110071A073B3A51801002A80A01FEBE,4
01100716100415518010017BBD01FE90,31
011003010C210431505001DA0001FF0E,4
011002180D033631508001288B01FFDA,6
0110011A0D251141501002996601FFEF,30
01100C140A270451801001570901FE59,25
010F08050E0E1A41501002DB7601FFB9,5
010F050F0B0C3131506001C2E101FF0F,12
01100B120C021251801002C2E001FF2D,6
010F09100A371E415010026A4E01FF1D,13
010F070906102941501001114E01FFA0,11
010F061D0E002141501001E49A01FF7E,14
011002010F1A233150800150AB01FFA3,10
011007120D0F0451801001D0BB01FF49,6
011004130E2700415010020EA701FF4B,18
0110031509351941501102F26701FF83,125
011007150C2E255180100197DF01FF1C,5
010F09070C0A2D41501002348101FF45,6
0110011A0D073741501002607E01FF08,18
011008090B151D51801102365201FF35,8
0110031209180731508001EB4B01FF7A,10
011002010F1B3A31508001407401FFD2,5
01100B150A342C51801001681101FF0A,15
0110030F0A3400415011028C1001FF5F,35
010E071808311A415010011FDF01FFDF,18
01100B1208353551801002906901FF84,19
011007120707225180100173B001FFA1,8
010F041B0D120941501102CB9101FFA9,83
010F061A06302141501001D5C701FF3B,17
011003150D281341501102DD4301FFCB,35
01100416072C1F41501002831501FF48,28
0110080909292C518011029E6F01FF8F,1
0110091C0C010551801001E14901FFAC,8
010F061E0F022D41501001F8FB01FFF9,30
0110080506260A518010015D8401FEEA,75
010F051408261041501101F6B601FF4A,22
010F07160E250B41501002F81301FFE7,27
0110071A05350E5180100221B101FED2,22
011007160D312E518010026EE801FE2E,17
0110071907192A51801002ED6F01FE47,3
010E0A100F373741501001F71401FFAD,27
0110030E091501415011022BB901FF37,13
010F051408073641501101695201FF34,25
0110071A081E27518010024F2601FE2A,18
0110030F0A211141501102015401FFA8,7
0110060F0D122041501002C1E001FF57,42
0110061608350F415010029A8A01FFC0,15
010F041C0B36114150110209BB01FF16,49
0110020208051531508001850E01FF34,4
010F080609192241501002024901FFB0,14
010F090807133541501002449C01FF0D,18
01100719053B3451801002DDAE01FEEE,27
0111011B093A3031811001E5A001FF17,1
010F090F07030841501002809601FF0D,11
010F0B06090C094150100261F001FFCD,22
010F04170E141E4150110148C501FFE5,16
010F041C0E172C4150110253A401FFE4,5
0110071409072A51801002229801FFFD,36
010F0C1708010441501102CA7801FFDA,20
010F08030C222141501002223F01FF92,5
010F08050F0C3841501002868D01FFDA,4
010E0A1B110B39415010018F4001FF06,11
010F090F07381141501002B99D01FF8F,39
011002180C2C2731508001784E01FFAE,4
01100719072F3051801002C2BC01FE09,26
0110030E0D272641501102EE8101FF71,10
010F04170D0D0941501102141701FFE3,16
010F061D0D300641501001228F01FF37,37
011007160D362E518010026FEE01FE22,16
0110011A0A003B41501002C77501FFB0,12
011004130D312B415010023DEC01FFA3,2
010F061E0C291B415010010CB201FF1C,49
010F0C170D0C18415011028D4301FF28,31
0110071A043315518010028F4001FED1,10
01100616093B204150100294BC01FF7C,32
010F0907062C2541501002B1A701FF8E,30
0110060F0D2A1341501002D87B01FF9A,37
011002190C2F2F3150800121E801FF5F,15
0110030E0A1C0A4150110271B501FFE4,17
010F0804062B3941501002811801FF3E,31
010F0C1710162C41501102A5AB01FF87,25
010F091206010D415010021ED001FF30,25
011002190C332F31508001AE4401FF72,6
0110071A050E1051801002822D01FE1A,17
0111010A0A023041501102CC0901FF2E,25
010E0A15091C3A41501001E46C01FF81,3
0110080506243551801002F5A901FE03,12
011002010F203B31508001F7EF01FF9A,9
01100119080B0441501002E44E01FFE9,33
010F02050A131141501001732B01FF7B,37
01100202080902315080016AB201FFBA,10
0110011A09042E41501002C71301FF1C,14
01100312093308315080012DBA01FFAD,10
0110041409023041501002840F01FF66,23
01100C130D2A3951801001C7DF01FED9,15
010F070F0F1825415010013E5901FF55,13
010F03140C233B31505001C45C01FF7D,32
0110061006113541501002856F01FFF6,7
0110071A05302551801001F1BC01FEE6,35
0110071A0A2B2351801002D79C01FE21,5
010F041C07331641501102DC0D01FFF3,14
010F0805093A1741501002A0DE01FF68,20
010F091106203941501002E32001FFD1,6
010F041B0C3A0B41501102C7B901FF5C,22
010F090F090031415010023EB301FF0A,62
010F09110E0633415010021CBC01FF14,36
010F0C1809241F41501102B2F301FF37,11
011004190C0F2D41501102B94701FFE6,19
010F0A02072C2331505001CE9701FF57,62
0110011A0E08034150100210E601FF22,38
0110071A04150051801002583601FE45,14
010F0C100C3402315010017AD501FFB1,3
011003150D2F2F41501102D8DC01FF14,10
010F09100E030241501002742D01FF80,49
0110071A07231E51801002080301FE99,9
010F090707111441501002CC0701FF3E,12
011004140D0327415010024E3E01FF71,4
01100719080D2051801001A80601FE0B,27
011004140C1E0141501002C51401FF30,22
011008080F030C51801002C39001FF8B,14
01100B120911215180100201C601FFED,69
01100312082039315080011B7101FFEB,3
0110071A042A2C51801002F05601FE4C,5
011008080C351B51801001529201FEBE,1
0110020208222031508001F18001FF2E,2
0110091C0B3B2E51801002E01001FF83,1
011003150D2D1341501102CDC701FF52,13
011008080E11385180100226E401FF9B,3
011007160E110E51801002D08801FE6B,28
010F09100A1D0E41501002678001FF18,18
010F041B0F1716415011020A8101FF66,21
010F0716082A0441501002ADD401FF79,21
010F061A0C123441501001549701FFF1,9
010F08050F112741501002280201FFCF,10
0110071A090F0C51801002CDED01FE0E,44
011004120E3B1641501002A14E01FFE8,4
01100716100D1051801001FFBD01FE08,5
010E03050B0607315010012E6201FEB0,6
01100B0F09352151801002ABE701FF01,16
010F080309001141501002535A01FF7B,18
010F0B10100F0B41501002D52901FF0A,4
010F041707201341501101A9F801FF57,17
01100B1209141951801001B96D01FF94,129
010F041C0B2522415011029B2301FF1C,13
010F020B0A330241501001A8D001FF8A,12
010F04180C1F2831505001CED101FF10,95
011002190D062C31508001ED8401FF22,3
010F030A0C3A1431505001D36E01FF76,10
010F080409110341501002287F01FF7D,13
010F061D0F060541501001A8C601FFA3,50
011001160E2E2E41501002EC4401FF9B,56
010F090F0D253241501002816401FFEC,15
011007190606055180100202DC01FEFE,24
011001140C3439415010024C6C01FF06,8
010F091009091541501002F29801FF83,6
011006070B12133150100169EB01FECD,54
010F061E0E1A0441501001563401FF74,31
010F08030C0E20415010025EAF01FFFB,11
010F0C170F350641501102C44F01FFCC,20
011002190D023A31508001C7B201FF10,2
010D02160320283150000107DF010026,21
010F061A09021A41501001258F01FF55,4
010F08060C2D2741501002605201FF2D,15
0110071A041718518010029C4301FEDA,13
011002180D133931508001751601FFEF,6
011008180E061831501001B92701FF31,13
010F0417072D13415011013CED01FFC2,50
010F091009173641501002742D01FF3D,8
011002190C312731508001D86B01FF2B,11
011002010D2C13315080016AB501FF7F,1
01100712071634518010019B7801FF90,21
010F09070C0E0941501002591201FFAF,10
0110030F07171D41501102099001FF65,1
0110091D0A2C2051801101486A01FFDE,6
011004130E3B3541501002C7A401FF4C,13
011004120F091C415010029DCB01FF9A,17
011004190F1C2041501102058901FF55,4
0110091C0B1B3651801002A98201FF60,4
01100B1208332451801001FAA801FFEF,89
01100805080713518010011D4401FE7E,2
01100119080D2D4150100233FF01FFBE,21
010F08030C1404415010027DA601FFFB,8
010F0C180A2E1E41501102535A01FF25,8
010E0A1C0F233A41501001F1EE01FFDE,12
010F0806092017415010025AF301FFB2,5
0110071A04352751801001037801FE12,5
010F0B050C263A41501002271601FE95,9
0110011A0A251A41501002ABE901FF54,2
01100805081F335180100192FA01FE1B,17
010F0C1D0F173631501001EAC201FF2D,8
010F04090D1534315050014B7101FFFF,33
010F07160E010141501002B42E01FF3E,28
010F0B0D0E012C41501002B28301FFC5,41
010F07020D342E415010012DC201FFE7,12
010F090F0C141B41501002A21301FF45,4
010F0B100E363541501002B3E901FF1D,33
0110091C04310C5180100248A501FFB9,4
01100312092F3031508001956001FF7B,5
010F041B0D022641501102D24001FFE6,3
01100805061C06518010018B8C01FEC2,28
0110091C0B190851801001FF5A01FF63,39
010F02050C3A2C41501001BC0501FF14,15
0110030E0E330941501102E2BC01FF52,30
011003150908124150110255FF01FFBC,60
010F0417072720415011028D2D01FF29,17
01100B171401085180100190B401FF8A,30
0110071A0B1934518010022E1701FE4F,12
0110041306000541501002C0BB01FFAF,24
010F0C180A082241501102A48501FFCB,24
0110011B0830064150100208D601FF14,48
010F061D0E152C41501001753801FF2F,34
0110011A0F260741501002976C01FFF2,3
010F041B0F051F41501102B71E01FF25,8
0110071A042E1D51801001614801FEF5,11
010F091009161641501002247A01FF61,5
011007120D0A345180100212E401FFB2,12
010F0C17072310415011024E4701FF5A,2
010F041C0B312041501102B36101FFBC,4
0110061609370B41501002ADA901FF8F,6
01100713062E3251801002568801FFAE,15
011007130A1D2351801002D3B401FF21,4
010F041B0E170E415011012E2C01FFA1,12
0110011A09370E41501002F73701FFB5,21
010F0C1D0F14193150100133DD01FFE9,13
010E0A1C10262541501001842101FF29,12
0110020110000831508001227E01FF32,1
011002010D203631508001429B01FFAA,9
010F0206072E1F415010014AE601FFC2,28
01100B150D092F518010020B4201FF5A,90
010F041B0E292F41501101E66301FF7F,9
010F0C1809390E415011022E0C01FF9E,2
011002010F370231508001E40201FFBC,5
010F0514072E264150110158D101FFB0,7
010F0C170F2F2A41501102E71D01FFBD,6
01100805081900518010027A5201FE13,16
010F050B082124415011017DFC01FF77,3
01100312082D0A31508001ECF701FFB6,6
01100B10081D1D5180100238D101FFA6,4
010F0C17100D1E415011024A8801FF1C,1
011007160C301251801001BB5401FF93,1
011004130F01354150100238B101FF07,12
010F041C091E0A41501102B37901FFCF,10
0110031208282C315080014D9001FF9F,7
0110061609152A4150100209CE01FF11,5
0110091C09193851801001089F01FFE7,19
010F04170E0F384150110132E301FFC8,4
01100312081B2531508001D09601FF2A,3
010F090F0E3822415010029EBD01FF72,2
010F0908061E2441501002F58C01FF73,4
010F080407171A415010023DC701FF05,24
0110030E0E230741501102859C01FFE1,15
010F07010D322A41501001E47401FF85,2
010F09100A201F415010023D8A01FF24,12
011002180E1A1631508001928401FF7F,4
011007161315295180100152DB01FE73,11
011004130E1D2A415010020D5D01FF76,21
0110031208162531508001617C01FFB8,6
011002180D2E15315080017AFC01FF0D,2
010F0C120E1903415011021F9701FF4E,2
010E0A150814174150100130BE01FF0F,22
0110011A0E0D2B41501002122B01FFAE,12
0110030E0F15254150110236BE01FFFD,3
0110041307170E41501002E57301FFB1,30
010F07160D2F13415010028BCC01FF8A,5
0110011A0A170141501002A07601FFF9,17
011007160F3B095180100141EA01FE73,6
0110080909330651801102CF5A01FF8F,23
011004140B331C41501002ED8E01FF5F,11
0110041608370441501002415701FF57,4
0110020110012731508001B70401FFF7,3
01100C05081104318020014DB501FFED,5
01100C140B1B265180100198EE01FE1C,7
0110091A05393551801002B15C01FF69,6
0110071A05271651801002C6FA01FEEA,16
0110011A0E060F4150100256A801FF10,17
010F0514082A2941501101BF4E01FFCC,15
010F0C170B043441501102832501FF3E,14
011001140C232C41501002E75401FFA1,5
011004140F1607415010021D2801FFC3,1
01100C130D350551801001527C01FEDA,3
01100312090D2A31508001724D01FFD9,18
011004130E2A0741501002751C01FF65,17
010F041C0E060D4150110227C901FF1B,6
01100B19071D3551801001C5D401FFF7,11
0110030E0F1F1E41501102871201FF55,22
01100B1209162951801001831F01FF06,3
011101110A0602518010012DDF01FFDC,12
0110060F0D13354150100214A001FF2E,14
010F08030B242A41501002BFA901FF81,2
0110030E09192541501102E34701FFC9,3
0110080506213A51801002062D01FE6C,1
010E0A1E0E1A3541501001874A01FFF9,50
011002190D331C315080013A0501FF37,3
011007120D0D07518010025C2301FF53,1
01100202093213315080011C8C01FFF3,15
0111010A0A2833415011028C9A01FFB4,5
010F0C180A1F1341501102872301FF42,6
01100716131A22518010026DF101FE43,9
01100C130E05355180100161CD01FE79,12
010F041C0B2F3A41501102437401FF01,2
010F0907072A16415010029B6901FFF2,19
010F091205382841501002EEAF01FF30,2
011003150D2A2F41501102C29301FF78,2
0110031208130B31508001025101FF5F,5
010F07010C31034150100173B701FFDC,10
011002190C273531508001718001FF79,9
0110071306042F51801001235301FF44,7
0110071607042551801001620201FF5C,2
01100716132E3251801001F05101FE3D,3
0110031209142D31508001F18701FF16,5
010E03050F2E1A31501001D39601FE98,7
011001140A3912415010022BF001FFC7,5
010F0911063618415010028F7001FFE0,3
0110011A0E0203415010029B2D01FF56,33
01100416080A2D41501002040801FFE7,1
010F0B11082F0141501002028E01FF69,6
0110071A052A035180100194A801FE7F,23
010F090F0D321941501002F05F01FF8E,5
01100805081B1151801002860401FE42,15
01100B16130F1851801001060A01FFA2,24
0110020209143B3150800150F501FF4C,6
010F04170E041841501101263801FFAA,3
01100805061F1E51801002C53D01FEBB,4
011005180D0119315010018E1301FE79,32
01100416082A0641501002741601FF70,6
010F07020626354150100189C401FF97,6
010F08040E3B044150100244FC01FFB4,1
01100114082A1041501002DC5F01FFBA,2
0110011A0D173A41501002DB1801FFE0,2
0110011A0C2D0441501002280501FFC7,13
011003120912383150800162B501FF6E,14
0110091B0B050651801002F8BC01FF1E,2
010E0A140D04114150100132C801FF15,7
01100414092325415010025CFD01FF8A,12
010F09190C2D184150100295A301FFA2,2
010F0C17101C0E41501102EA5301FFB2,2
01100B1208252751801002CB6801FF68,10
010F090F081A1441501002DE8C01FF95,10
010F041C07043341501102C1F401FF39,11
01100B160F3B0451801001164D01FF3B,5
0110041409251B41501002FBAA01FF46,7
0110091A060B2E5180100216B001FFE4,3
011009140D081031501001463801FF9D,4
0110071610080F518010014D0501FE78,3
0110091C091E09518010018D4101FFEA,12
010F0C170D2E01415011024BAA01FFF8,11
010F08050C2E0B4150100225C201FF14,4
010F07170B330541501002B6E301FF53,2
0110030E09323B41501102692301FF38,7
011002180D342231508001036701FF06,3
010E0A1E0F203341501001CA7D01FF7E,1
011004130E2F1241501002250201FFBF,14
010E07180C002A4150100125EF01FFE6,5
0110030409283431508001F3AB01FFE3,2
0110071610022C51801001A6B501FE58,3
01100712070F2E51801001D2B901FF25,12
0110081906221D315010016B1B01FF71,5
010D0814083A16F0E40203CAF40201E4,10
01100C130E0F07518010011BD301FEDD,7
010F0C170D1A0B41501102642101FF72,2
010F0C1807192741501102DCBA01FF4B,11
010D021515060431500001966D010036,24
0110031208362F31508001CC1301FF8C,3
010F0C170D1D30415011022BE601FFBE,4
010F0C17081009415011029D9101FFDA,5
010F0C1D0F380331501001390C01FFA6,4
011007160D2C30518010010F1D01FE5C,4
0110011A07383641501002D4B001FF38,3
011002190D350E315080011FDB01FF88,8
0110091C0B162851801001D7C101FF07,1
010F020B0A001541501001037B01FFA4,14
011009170F233251801001990401FFEC,2
010F04170D342441501102B14C01FFCF,9
01100B160F150C5180100137A901FFDC,9
010F090709182D415010028A8901FFDC,8
0110071212223651801002903701FFC2,13
0110071A0B162C51801002822101FEFC,6
01100917132D1251801002041C01FF7A,2
01100413061E2941501002B7AA01FF87,3
01100B17092C34518010014D0101FF34,12
011002010F14273150800174D501FF57,3
01100413062A1A41501002DD8701FF87,29
01100C130D380951801001B1B601FE3A,2
010F0C1D10090F31501001C7E601FF60,6
010F09110B1F3B41501002510D01FF70,3
01100C13103A0F51801001423601FE1E,6
01100312080E0431508001E84001FF96,4
01100B150A1D0C51801002E18001FF58,24
01100B0907053951801001620501FF4D,2
0110071A0A1C0651801002778A01FEBF,2
011002190C2D0F31508001E4A901FFFD,7
010E0C01092E2F41501001094801FF8B,14
010E020C082A2131501001DC1B01FF07,6
01100B080E2B2B51801002897B01FF91,2
0110061D072B1641501002EFF501FEFE,2
010F080306151A41501002222801FFC3,2
0110091C0A201B518010019EBA01FF4B,7
01100C140B1D1451801001E0BC01FE16,6
010F041B0E3A2341501102EE2001FFB4,1
011007150D021951801002ABEA01FF33,2
010E020C050225315010012E9D01FF5A,2
010F061E0E0E2041501001C94701FFDE,7
01100B1812330F51801001B93B01FFA2,7
0110030E0D050F415011027A9901FF06,1
010F030A0C310B315050019C2901FF04,11
01100712130A0951801002DF2401FFCA,7
010F0B0D0D312F415010022BDA01FFC3,4
0110091C0B311E5180100161F501FF38,2
0110071A041235518010017FFE01FE25,15
011004120F003B41501002063C01FFAA,2
010F041C091F2341501102E9C001FF38,4
010E06030B233241501001011701FFCE,21
0110041507330041501002B79901FFA9,12
0110071A052E215180100253EF01FE56,4
011007120D002A5180100149FC01FF78,1
010F061909271431501401B3A301FFA1,1
01100B1806291C51801001642401FF17,5
010F0C1D0F36223150100101A601FF27,2
010F08030B3605415010028DCB01FFA4,2
01100B170A0C21518010013D0F01FF68,5
0110080508180851801001BDEF01FE2D,5
010F0C18082E28415011021C7D01FF31,3
011004190D1D3A4150110272DE01FF7A,1
010F050B082D3A41501101F87B01FF5B,6
01100B1610122951801001BC8B01FF5A,17
01100B180E0026518010016C7701FFD3,2
01100C130E020151801001C11301FE0A,3
01100C140A230F51801001893001FEF9,5
010F091009040E41501002C94801FF08,21
0110091B0B0D01518010012C4401FF60,19
01100B1812311951801001835B01FFB0,2
010E080608220F41501001F43701FEDE,5
0110041307240D41501002BBAF01FF93,16
011004140D3A2A415010021B5701FF51,1
01100B1107260351801002053B01FF80,14
010F0702091115415010016C7901FF31,6
010F0417071D0C41501101D6A501FF87,12
01100C130F3A3551801001259201FEBA,2
0111011F0D1B3851802001DB1101FF90,8
0110030E0E131C41501102610601FF96,4
01100C130D203B51801001687C01FEA3,8
010F08040D0817415010025D1301FFA5,4
01100713042C33518010017C7601FF9E,27
010E0A1C11311A41501001FAFE01FFD5,5
0110071A0B0D345180100210DB01FEB5,8
011002180E183831508001398101FFBB,6
01100808102C0B51801001DF4701FF90,1
0110031208320F31508001B6D201FF07,10
01100312081D193150800157BD01FF86,11
01100B16131F29518010022B1F01FF46,18
01100B16130F3151801002EEF601FFB4,6
0110080506270A51801002E6A901FE3A,10
0110071A043015518010029F4801FEBC,17
010F041408312531505001E42F01FF95,6
011004190F18114150110203B801FF3B,2
0110071A073437518010027E0701FEF5,1
011002180D320031508001A30301FFEE,2
010F080407352741501002744801FF22,1
010F0C170F2A0E41501102B4B301FF7B,10
010F0514082C06415011013F5501FF66,22
01100B1806243051801002762C01FFED,4
01100B1907061C5180100141CF01FFB0,67
01100B150E30053180900111FB01FF3E,3
0110030F0C392541501102F88F01FF48,5
01100119072F334150100238A301FFEE,5
0110091C0B1427518010010D2F01FF66,2
0110091B0A363751801001625101FFBF,1
01100B150E3A11318090019BBA01FFDF,3
010F04170E212441501101A47501FFC6,9
010F070F0C2525415010019DC001FF85,2
010F061D0E382341501001BB6A01FF9D,4
011001140A313841501002638801FFD9,20
0110071A042E1951801002DB9F01FE27,3
010E0A1C0F10274150100109FE01FFDC,15
010F050B09162B41501101BBFC01FF3C,10
011101110A041F51801001984101FFF4,15
01100B19062230518010011FF301FF7F,1
0110091713282851801002DE1901FF92,2
0110091C0A291F51801001996401FF99,2
0110031208302231508001255F01FFFA,3
011004190B2324415011024EE801FFA6,3
011002180C351431508001AA9201FF42,6
011009170F2D2551801002712A01FFF0,1
010F090F0D1C2E415010022A1E01FF96,2
01100C130E1206518010015D6101FE0B,3
010F041C0E352F41501102E72201FFB1,1
010F0907062F2A41501002578B01FFFC,8
010F091008363041501002DE0E01FFDA,14
010F07020E153741501001E62001FFE5,4
0110071206352B518010010F9F01FFE0,5
010F0C1707212241501102815301FF0B,4
010F0C1707180841501102CE9F01FF95,2
010F0C18092B134150110242A501FFFA,7
010F061D0D1B1F41501001985F01FFED,3
010F061E0C30084150100178A001FFCE,10
0110091C0B341951801001883C01FFCC,7
010F091106343741501002FE2001FFA4,1
010F030A0D0D2E31505001C10F01FFF9,8
0110031209202A31508001220801FF5B,9
010F041C0C340E4150110231C401FFE9,8
01100B17092F3551801002155D01FF0B,10
01100B150E3901318090015D9101FF57,2
010E0606072F2241501001201701FFB4,2
0110071A073B3B51801001434C01FEE1,6
0110071A0A2B0F51801001759101FEA3,26
010F07010C2B3241501001A40C01FF2D,1
010E0A1010051C41501001F67101FF9D,1
011007150C171A5180100244CF01FFA0,7
010E0604082E35415010019ED301FF69,2
0110091C042D0751801001F8DD01FFDB,3
0110030E0D372B41501102679B01FFC9,4
010F07020E13194150100111C801FF32,5
010F07170F072E41501002B83C01FFF7,2
010F07010820384150100105CB01FF16,10
010F07160C270F41501002A5CB01FF7E,3
0110030F09301B415011020C2601FFB3,7
011004140E1818415010026D2201FF67,17
010F0C1D0F160B31501001FB7701FF93,2
01100B1008200751801001408E01FFF5,2
0110091C0A1E0051801001DD4601FF9D,3
0110020208260D31508001918201FF9B,5
010F090F09231741501002A03301FF1F,5
0110071A06002A518010023E5701FE27,3
011102100F232D31501001181B01FFB8,11
011002020E291541501002B22701FF23,5
011001140C37354150100203D301FFE9,20
011001140E260B41501002182F01FFB1,7
0110071A04283351801002D63101FE86,13
0110071906101C51801001B58301FE84,4
01100B18052C2551801001230B01FF66,3
010F070108221E4150100114AD01FF3D,11
01100B1709393B5180100140AF01FF7F,4
01100C13103738518010017DF001FE03,3
0110091C0B353B51801001C38A01FF20,1
0110091B0A3726518010025DD001FF54,1
01100719062225518010011FAC01FED6,3
01100B19073522518010011E8D01FFE0,3
011004190D331C41501102433001FF5F,12
011007150E120A51801002110B01FFAA,1
010F0C120E1E2041501102BA9E01FF8A,17
0110091B0B032051801001C1DF01FF1B,2
011001160E253A415010028B9701FFA6,11
011002180D201F31508001583901FFF6,6
010E0A1C0E1A2F41501001345D01FF41,5
0110091A06090E51801002A2D101FF59,3
01100B150E311831809001094601FFE7,3
0110091D0D070751801101AE0601FF17,10
0110080905220151801002B22901FFF8,2
010F070707042941501001890D01FF76,5
011004130F190841501002ED4F01FFC9,3
0110031509022041501102FABB01FF53,3
0110071905322951801002AB4201FEA0,3
010E0A1C0F361941501001A6B801FF6D,3
010F041C0C2E054150110294B901FFA0,2
010F050B091B2341501101F32801FFDB,7
01100809051F0451801002309201FF11,22
010F08050C2616415010026AAE01FFE0,2
01100B180E082A31802001D54501FFA0,2
010F02050D052641501001206401FF8B,2
0110030F0F0D0C4150110293EC01FF92,1
010F09070C121941501002FB0701FF04,2
011002180C363B31508001A89B01FF13,2
010F07160932274150100203C901FF02,6
0110041506212441501002A87601FFCA,8
0110071612251F51801001AE9A01FE53,2
010F09070E320341501002A16101FFF8,6
010F090F08331B415010021D1701FFAB,14
010F09040C3B0D41501002796801FF0B,1
010E020B0E2A1631501001E6E301FF3B,3
0110031209251731508001FF8F01FF05,6
010F08030F133041501002C7D501FF54,3
010F061E0B2D1941501001F5B101FF33,5
010F071009030041501001C3B301FFB5,11
01100B150E37103180900116C501FF5D,2
0110080507281C51801001E98001FE4D,5
0110091B0A39345180100165F101FF1C,4
0110091C0A213A51801001160701FF66,3
0110071A072325518010011F1301FE6C,16
0110071A0A2E14518010015D3101FE13,4
010F0C17071E0C41501102460101FFB1,3
010F0C1808362E415011024CDB01FF95,3
01100805062029518010015AF501FE63,3
0110071A0A243851801002980A01FEE4,1
010F041C0E383341501102CF6901FF7B,1
01100B1D1228335180100141E401FF53,22
0110030E10041B415011022C1701FFC8,2
01100B180E271331802001624501FF0B,6
010F041C0E2E2041501102CF0E01FFF3,9
01100315091426415011026C5B01FF29,2
0110030E0F252E41501102DD2701FFD4,3
011002180D02203150800143D801FF89,6
0110030F072E0141501102102701FFCC,8
011002190D1613315080011BA401FFDD,1
01100712071D2E5180100138C901FFA1,2
011002180D003531508001BF0F01FFC3,7
010F020A130A1D4150100107F701FF0A,3
010F07010D0B024150100158D301FF01,11
0110071A05362E5180100222E101FE80,5
01100B10072B0751801001694E01FF02,2
010F090F0902164150100292B401FFCE,1
0111010A0A123441501102F24601FFB7,6
010F050B09132E415011012D6B01FF5B,15
011002180D052431508001828301FF98,1
010F090706250641501002585F01FF55,7
010F0C100C252931501001085B01FF85,10
010F0619092B3A31501401E2E501FF06,2
0110091C0B3B0E51801001015001FF43,4
0110080507250751801002BBEE01FE24,2
010F041C0F063241501102D4CA01FF47,7
011002190D042E31508001089601FFF5,2
0110020208203431508001A40401FFE5,6
0110071A0B180B51801002764501FE03,5
01100712130D2F51801002836401FFBD,3
010F02050A171F415010015C4501FF66,4
01100315091136415011023D2F01FF77,1
010F02040C1014415010019B1B01FF62,8
0110011B0A202E41501002836901FFEC,1
0110041608253241501002EA4A01FF9F,2
01100B0F082235518010027BA301FF75,2
011004130D213941501002DB7701FF7C,3
011002190C391C31508001CD0E01FF96,6
0110071A06042F51801002FAE801FED1,3
011002180C261F31508001C62F01FF8D,15
0110030F0C3812415011029FA801FF9C,14
01100809052A1E51801001A8FE01FF09,3
0110041508173B41501002813501FF23,2
011101110A090851801001D1E801FF26,5
010F090708150741501002A22B01FF4C,2
010F080406292041501002147801FF66,4
011002180C25063150800109E201FFB1,5
011001140A3618415010024CFF01FF94,4
011002180C2810315080015A3301FF02,4
01100C140B193B51801001008101FE0E,9
011007120D102F51801001170001FF91,12
010F0703080F0F41501001581601FFB0,6
010F071708081D41501002BE0701FF3D,1
010F07160E113941501002248F01FF25,2
010F0B060D190B41501002E95F01FFC3,2
0110071409260A51801001C66901FF8A,1
0110030F07183B41501102EC0601FFED,2
0110071207030D51801001A6C701FF70,4
0110041908023941501102063001FFB5,1
010F041C0C102041501102786701FF11,5
01100B1D123B2B51801001B27101FF4A,2
011003090D190731508001CBA101FF48,3
0110041607130B41501002F12401FFF8,2
0110031208381C315080016AB901FF59,7
010F0907070A1D4150100269A201FF04,2
0110031208222831508001CEDF01FFD9,2
010F08050E062D41501002E44201FFD9,1
0110071906100251801002B9D501FE47,14
011003090D1A2231508001F93201FF6D,9
01100716100931518010019DEC01FE1E,1
010F061909243831501401B57C01FFA5,2
010F07150E23054150100296CF01FF96,2
010E07180C10234150100162E901FFA6,7
010F091108290D41501002691E01FF6E,3
01100719060920518010028D9901FE98,15
011007160D2F30518010026AA901FE71,4
01100809092D1651801102817D01FFB0,1
01100719060E0B518010025DD901FE98,8
011002180D19373150800163FD01FF16,5
01100B19071A2C518010018AF401FF1E,9
01100B150F06093180900151FF01FF1F,1
011007120D0D0351801001331301FF91,3
01100B16130D14518010017C1601FF26,7
010E0A1E0F080441501001812601FF65,2
010F0C1D0F3B0A3150100137F801FFB2,4
010F0C18091E26415011025B3F01FF41,5
011001140F110A415010020D4001FFC0,14
011004130620034150100219DE01FF15,4
0110011B09080341501002ED9D01FF92,1
0110071A05341751801001020301FE98,1
0110071A09293651801001E5CA01FED6,6
01100610060F0841501002F5A601FF7E,2
010F04180C391B3150500159E201FF67,3
0110071905292151801002E35501FE66,2
010F07010F0A1341501001A2D901FF9F,1
011007150A301251801002BA9B01FF4F,4
011004190D35124150110238CD01FFD5,2
0110071908192F5180100288EB01FE2A,5
0110091713343951801001A03501FF98,3
0110091713323451801001CF3F01FF66,3
010E0A140E1117415010015DE001FFBE,2
010F070906212941501001953F01FF1A,2
0110091D0A202851801101817C01FF97,3
0110011A0D0105415010029DEB01FF96,5
0110031208260431508001239B01FFE8,6
011002010F121E31508001D28101FF58,1
0110020209201A315080011A1601FF76,10
0110030F0A2E154150110299BE01FF95,2
0110011A0F280741501002741301FF6C,2
0110041608042241501002E63301FFEB,4
011007160D342951801001683F01FEE0,7
0110041306130841501002AEE701FF7F,2
01100C05080F0D318020017F8E01FFDB,2
010F09070C053241501002DDCF01FF4E,1
01100B160F290251801001FBAB01FF0C,7
010F041C0F022941501102E26901FFA7,1
0110071A041B1E51801001D7B401FE25,9
011002020D101F31501401720101FFA6,1
0110020208242131508001013D01FF5E,2
01100312092C12315080010B4901FF3D,4
01100805061D1151801002A98F01FE94,4
011007130A1F1451801002D45301FF8E,2
011002190C253B315080018F7101FF66,2
010F08050D313941501002586A01FF07,1
010F091106263B41501002F18F01FF4C,2
0110071A0A2F3451801001A3DF01FEFE,2
01100C140B163951801001F08B01FE19,6
010E0A10113322415010018B6F01FFD5,1
010F0907082511415010023C0601FFBD,3
010E0A0E0D0F1B31502001D3A801FF85,2
01100B150F030A31809001DB4101FF55,3
010F0702061E1E4150100129A901FF31,4
01100B170A0E315180100115D601FFB7,3
011003150818024150110206C001FF4B,1
0110080508113051801001607E01FEDA,3
0110011B082208415010021AEB01FFF9,3
010F041B0D372041501102C3F101FF15,2
01100719060803518010011A5701FE6C,6
01100B160F183451801001C0E001FFF1,3
0110030E0A1F3741501102646D01FF09,1
0110071904363951801001B4FE01FEC9,3
010F041B0F100041501102595401FF61,2
0110071A0A211C51801002D3A801FE2A,1
010F07140D351D41501002FB6001FF78,2
010F07150E053641501002E30B01FFFA,4
010F041C0C193141501102375301FF4C,4
01100B1511260F5180100289E501FF38,4
01100B180E04305180100150DB01FF7D,2
01100419080E0B41501102DB6F01FFC3,2
010F041B0E062C415011023AAF01FF04,1
011004130D260541501002CA4D01FFE6,2
010F09070C1B04415010028DDA01FFAB,2
0110071213121A51801002FB7601FF43,4
010E0A1E0E190B41501001332C01FF96,2
0110071A0A2E3A51801002725101FEB7,3
0110071A0A341451801002121201FE76,3
010F0C160F39314150110264A201FFAB,1
01100B161333085180100289DC01FF38,1
01100C140D1F3251801001175D01FE1C,1
01100B150F071D31809001625B01FF9D,3
010F091105310A415010028DA201FFC4,1
011007190906285180100173D201FE72,1
0110071213083151801001B08701FF71,3
011008080E3A2551801001F0A601FFFA,2
01100809092F275180110198E201FF22,1
011002180E102D31508001BBF401FFD9,3
010F0C1D0F34073150100164D001FFB7,1
0110071612183651801001835201FEBC,1
0110041908392841501102406E01FF17,2
010F071708011B415010025CE401FFCB,4
010F071106161C41501001984801FF1E,2
01100C140D323251801001D69501FE12,3
011002010D272931508001FF7101FF1D,2
010F0C180A2821415011028FA201FFA4,2
011002010F162D31508001F76C01FF35,2
010F07010F173041501001862201FF48,1
010F0C1808140141501102621801FF91,2
01100C140B260551801001D74C01FE95,2
0110091C0B1C0D51801001465D01FF11,1
010F090708291A415010028CF401FF72,2
010F0C1D10052A31501001745A01FF28,3
010F041C0E0D2D41501102234101FF80,2
011002190C3531315080011FBB01FF86,3
010F07010F103841501001924801FF15,2
0111011F0F000B518020016A6301FFF5,4
0111031D0C173331806001320201FE33,3
0110091C0A261A51801001446601FFF4,3
010F0C160F2823415011022BE501FFC0,1
010F0711061F1841501001776201FF20,2
010F09070917124150100206BB01FF4A,2
01100610071F3241501002FFE801FFF7,1
0110071507182A518010015B9501FFB8,2
010F041B0C361541501102A65101FFDF,4
010F080607021B415010028E8701FF06,1
010F0A0208040931505001179E01FF48,1
011003150D1E11415011027D5F01FF1B,3
01100B150E353631809001AB3B01FF2E,3
01100413091E1C41501002471E01FF8D,4
011003010C222631505001B3BB01FF57,3
0110071A07253951801001A23501FEB1,3
01100C130E080351801001A53401FEFD,2
0110011A0A283741501002AF3B01FFDE,4
01100B090A280451801001055001FF6E,3
010F0911082A2B41501002D32401FFDF,2
010F0C1D0F1231315010017A2901FF40,1
011007190529375180100176EF01FE24,2
0110071905221951801001DDC201FE0F,2
0110071A07213A51801001809F01FE6C,2
010F061D0E082D41501001916901FFEE,2
011002020D300631501401DE6101FFD3,2
011003150819184150110232E401FFE4,2
010F07020D292F4150100117E601FFE3,2
01100B16132121518010026FCA01FF5D,1
01100805081D1851801002C32001FEE0,2
010F04170E0531415011010C0D01FFD5,1
011004160718374150100240D401FFC8,3
0110091B0B0B0251801001AC1401FF11,1
010F07160E300D41501002445F01FF42,2
010F0C18082A3541501102178F01FF1B,1
01100713072A1951801002D1EF01FFE8,1
01100B17101A275180100230E201FF87,2
01100B150D1818518010025B5E01FFF6,3
0110091B0B080551801001735401FF0A,2
010F07010D380541501001170E01FFD7,1
010F0B0D0E141841501002586201FF41,2
011008081028165180100175E401FF56,1
01100B1714192551801002515E01FFE9,3
0110011A0A181D415010028F1401FF4F,2
010F08050E37044150100262AF01FFE6,1
010F0C180A261D415011024F1901FF73,2
0110030F0F08364150110240E901FFC3,2
01100C140B202451801001250301FE77,2
0110071A0B06345180100141FE01FE69,2
01100C130E000351801001AA3701FEFD,3
