780515,2017-02-01 05:42:45
780516,2017-02-01 05:43:02
780517,2017-02-01 05:43:50
780518,2017-02-01 05:44:06
780519,2017-02-01 05:44:28
780520,2017-02-01 05:44:59
780521,2017-02-01 05:45:44
780522,2017-02-01 05:45:58
780523,2017-02-01 05:46:30
780524,2017-02-01 05:46:49
780525,2017-02-01 05:47:03
780526,2017-02-01 05:47:48
780527,2017-02-01 05:48:19
780528,2017-02-01 05:48:33
780529,2017-02-01 05:48:53
780530,2017-02-01 05:49:23
780531,2017-02-01 05:49:35
780532,2017-02-01 05:49:50
780533,2017-02-01 05:50:04
780534,2017-02-01 05:50:19
780535,2017-02-01 05:50:32
780536,2017-02-01 05:50:57
780537,2017-02-01 05:51:12
780538,2017-02-01 05:51:34
780539,2017-02-01 05:52:00
780540,2017-02-01 05:52:58
780541,2017-02-01 05:53:19
780542,2017-02-01 05:53:29
780543,2017-02-01 05:53:47
780544,2017-02-01 05:54:51
780545,2017-02-01 05:55:05
780546,2017-02-01 05:55:13
780547,2017-02-01 05:55:41
780548,2017-02-01 14:13:22
780549,2017-02-01 14:13:29
780550,2017-02-01 14:13:56
780551,2017-02-01 14:14:07
780552,2017-02-01 14:14:39
780553,2017-02-01 14:15:09
780554,2017-02-01 14:15:25
780555,2017-02-01 14:15:57
780556,2017-02-01 14:16:36
780557,2017-02-01 14:17:16
780558,2017-02-01 14:18:24
780559,2017-02-01 14:19:03
780560,2017-02-01 14:19:54
780561,2017-02-01 14:20:35
780562,2017-02-01 14:20:46
780563,2017-02-01 14:21:08
780564,2017-02-01 14:21:46
780565,2017-02-01 14:21:55
780566,2017-02-01 14:22:14
780567,2017-02-01 14:22:43
780568,2017-02-01 14:23:07
780569,2017-02-01 14:24:39
780570,2017-02-01 14:25:15
780571,2017-02-01 14:26:43
780572,2017-02-01 14:27:15
780573,2017-02-01 14:28:13
780574,2017-02-01 14:28:37
780575,2017-02-01 14:29:08
780576,2017-02-01 14:29:52
780577,2017-02-01 14:30:23
780578,2017-02-01 14:30:30
780579,2017-02-01 14:31:00
780580,2017-02-01 14:31:07
780581,2017-02-01 14:31:30
780582,2017-02-01 14:32:08
780583,2017-02-01 14:33:16
780584,2017-02-01 14:33:48
780585,2017-02-01 14:34:16
780586,2017-02-01 14:34:45
780587,2017-02-01 14:35:18
780588,2017-02-01 14:35:47
780589,2017-02-01 14:36:29
780590,2017-02-01 14:36:49
780591,2017-02-01 14:37:24
780592,2017-02-01 14:38:09
780593,2017-02-01 14:38:54
780594,2017-02-01 14:39:15
780595,2017-02-01 14:39:34
780596,2017-02-01 14:39:58
780597,2017-02-01 14:40:43
780598,2017-02-01 14:41:11
780599,2017-02-01 14:41:56
780600,2017-02-01 14:42:13
780601,2017-02-01 14:42:27
780602,2017-02-01 14:42:32
1644665,2017-02-02 14:45:46
1644666,2017-02-02 14:46:22
1644667,2017-02-02 14:46:44
1644668,2017-02-02 14:47:07
1644669,2017-02-02 14:47:28
31813,2017-02-03 07:45:14
31814,2017-02-03 07:46:00
31815,2017-02-03 07:46:27
31816,2017-02-03 07:47:12
31817,2017-02-03 07:47:33
31818,2017-02-03 07:48:00
31819,2017-02-03 07:48:20
31820,2017-02-03 07:48:56
31821,2017-02-03 07:49:41
31822,2017-02-03 07:50:22
31823,2017-02-03 07:50:27
31824,2017-02-03 07:50:58
31825,2017-02-03 07:51:48
31826,2017-02-03 07:52:53
31827,2017-02-03 07:53:15
31828,2017-02-03 07:53:27
31829,2017-02-03 07:54:05
31830,2017-02-03 07:54:29
31831,2017-02-03 07:55:13
31832,2017-02-03 07:55:41
31833,2017-02-03 07:56:01
31834,2017-02-03 07:56:51
31835,2017-02-03 07:57:18
31836,2017-02-03 07:57:32
31837,2017-02-03 07:57:44
31838,2017-02-03 07:58:09
31839,2017-02-03 13:32:41
31840,2017-02-03 13:33:00
31841,2017-02-03 13:33:09
31842,2017-02-03 13:33:41
31843,2017-02-03 13:33:45
31844,2017-02-03 13:33:53
31845,2017-02-03 13:34:24
31846,2017-02-03 13:34:39
31847,2017-02-03 13:35:00
31848,2017-02-03 13:35:33
31849,2017-02-03 13:35:52
31850,2017-02-03 13:36:05
31851,2017-02-03 13:36:28
31852,2017-02-03 13:36:42
31853,2017-02-03 13:37:12
31854,2017-02-03 13:37:56
31855,2017-02-03 13:38:23
31856,2017-02-03 13:39:17
31857,2017-02-03 13:40:11
31858,2017-02-03 13:40:33
31859,2017-02-03 13:40:56
31860,2017-02-03 13:41:40
31861,2017-02-03 13:42:00
31862,2017-02-03 13:42:06
31863,2017-02-03 13:42:49
31864,2017-02-03 13:43:15
31865,2017-02-03 13:44:03
31866,2017-02-03 13:44:55
31867,2017-02-03 13:45:39
31868,2017-02-03 13:46:05
31869,2017-02-03 13:46:47
31870,2017-02-03 13:47:28
31871,2017-02-03 13:48:01
31872,2017-02-03 13:48:41
31873,2017-02-03 13:49:07
31874,2017-02-03 13:49:22
31875,2017-02-03 13:49:37
31876,2017-02-03 13:50:22
31877,2017-02-03 13:51:02
31878,2017-02-03 13:51:50
31879,2017-02-03 13:52:12
31880,2017-02-03 13:52:43
31881,2017-02-03 13:52:58
31882,2017-02-03 13:53:20
31883,2017-02-03 13:53:46
31884,2017-02-03 13:54:03
31885,2017-02-03 13:54:42
31886,2017-02-03 13:54:46
1095247,2017-02-06 06:14:45
1095248,2017-02-06 06:15:11
1095249,2017-02-06 06:16:03
1095250,2017-02-06 06:16:48
1095251,2017-02-06 06:17:33
1095252,2017-02-06 06:18:08
1095253,2017-02-06 06:18:36
1095254,2017-02-06 06:18:58
1095255,2017-02-06 06:19:43
1095256,2017-02-06 06:20:10
1095257,2017-02-06 06:20:40
1095258,2017-02-06 06:21:08
1095259,2017-02-06 06:21:32
1095260,2017-02-06 06:21:59
1095261,2017-02-06 06:22:36
1095262,2017-02-06 06:22:58
1095263,2017-02-06 06:23:08
1095264,2017-02-06 06:23:29
1095265,2017-02-06 06:24:06
1095266,2017-02-06 06:24:13
1095267,2017-02-06 06:24:27
1095268,2017-02-06 06:24:41
1095269,2017-02-06 06:25:03
1095270,2017-02-06 06:25:20
1095271,2017-02-06 06:25:53
1095272,2017-02-06 06:26:49
1095273,2017-02-06 06:27:07
1095274,2017-02-06 06:27:26
1095275,2017-02-06 06:28:00
1095276,2017-02-06 06:28:48
1095277,2017-02-06 06:29:24
1095278,2017-02-06 06:29:38
1095279,2017-02-06 06:30:03
1095280,2017-02-06 14:12:28
1095281,2017-02-06 14:12:44
1095282,2017-02-06 14:12:54
1095283,2017-02-06 14:12:59
1095284,2017-02-06 14:13:24
1095285,2017-02-06 14:13:34
1095286,2017-02-06 14:14:11
1095287,2017-02-06 14:14:27
1095288,2017-02-06 14:14:41
1095289,2017-02-06 14:14:44
1095290,2017-02-06 14:15:16
1095291,2017-02-06 14:15:27
1095292,2017-02-06 14:15:40
1095293,2017-02-06 14:16:11
1095294,2017-02-06 14:16:19
1095295,2017-02-06 14:16:53
1095296,2017-02-06 14:17:17
1095297,2017-02-06 14:17:41
1095298,2017-02-06 14:17:57
1095299,2017-02-06 14:19:11
1095300,2017-02-06 14:19:28
1095301,2017-02-06 14:20:08
1095302,2017-02-06 14:20:19
1095303,2017-02-06 14:20:42
1095304,2017-02-06 14:20:56
1095305,2017-02-06 14:21:40
1095306,2017-02-06 14:22:05
1095307,2017-02-06 14:22:15
1095308,2017-02-06 14:22:33
1095309,2017-02-06 14:22:50
1095310,2017-02-06 14:23:17
1095311,2017-02-06 14:23:37
1095312,2017-02-06 14:24:02
1095313,2017-02-06 14:24:38
1095314,2017-02-06 14:25:01
1095315,2017-02-06 14:25:15
1095316,2017-02-06 14:25:21
1095317,2017-02-06 14:25:25
1209975,2017-02-07 06:03:04
1209976,2017-02-07 06:03:12
1209977,2017-02-07 06:03:20
1209978,2017-02-07 06:03:59
1209979,2017-02-07 06:04:44
1209980,2017-02-07 06:05:11
1209981,2017-02-07 06:05:57
1209982,2017-02-07 06:06:23
1209983,2017-02-07 06:07:06
1209984,2017-02-07 06:07:51
1209985,2017-02-07 06:08:24
1209986,2017-02-07 06:09:09
1209987,2017-02-07 06:09:33
1209988,2017-02-07 06:09:50
1209989,2017-02-07 06:10:36
1209990,2017-02-07 06:10:59
1209991,2017-02-07 06:11:06
1209992,2017-02-07 06:11:40
1209993,2017-02-07 06:12:15
1209994,2017-02-07 06:12:30
1209995,2017-02-07 06:12:44
1209996,2017-02-07 06:13:00
1209997,2017-02-07 06:13:12
1209998,2017-02-07 06:13:49
1209999,2017-02-07 06:14:01
1210000,2017-02-07 06:14:46
1210001,2017-02-07 06:15:01
1210002,2017-02-07 06:15:16
1210003,2017-02-07 06:16:01
1210004,2017-02-07 06:16:34
1210005,2017-02-07 06:16:58
1210006,2017-02-07 06:18:01
1210007,2017-02-07 06:18:23
1210008,2017-02-07 06:18:27
1210009,2017-02-07 06:18:40
1210010,2017-02-07 06:18:45
1210011,2017-02-07 06:19:20
1210012,2017-02-07 14:31:49
1210013,2017-02-07 14:31:56
1210014,2017-02-07 14:32:26
1210015,2017-02-07 14:33:09
1210016,2017-02-07 14:33:23
1210017,2017-02-07 14:33:43
1210018,2017-02-07 14:34:43
1210019,2017-02-07 14:34:56
1210020,2017-02-07 14:35:08
1210021,2017-02-07 14:35:21
1210022,2017-02-07 14:35:37
1210023,2017-02-07 14:35:40
1210024,2017-02-07 14:35:58
1210025,2017-02-07 14:36:24
1210026,2017-02-07 14:37:13
1210027,2017-02-07 14:38:27
1210028,2017-02-07 14:39:01
1210029,2017-02-07 14:39:20
1210030,2017-02-07 14:39:27
1210031,2017-02-07 14:39:33
1210032,2017-02-07 14:39:38
1210033,2017-02-07 14:39:52
1210034,2017-02-07 14:40:22
1210035,2017-02-07 14:40:57
1210036,2017-02-07 14:41:23
1210037,2017-02-07 14:42:00
1210038,2017-02-07 14:42:45
1210039,2017-02-07 14:43:05
1210040,2017-02-07 14:43:28
1210041,2017-02-07 14:43:46
1210042,2017-02-07 14:44:31
1210043,2017-02-07 14:44:47
1210044,2017-02-07 14:44:51
1210045,2017-02-07 14:45:22
1210046,2017-02-07 14:46:07
1210047,2017-02-07 14:46:43
1210048,2017-02-07 14:47:12
1210049,2017-02-07 14:47:43
1210050,2017-02-07 14:48:14
1210051,2017-02-07 14:48:59
1210052,2017-02-07 14:49:17
1210053,2017-02-07 14:49:29
1210054,2017-02-07 14:49:34
950502,2017-02-08 07:15:18
950503,2017-02-08 07:16:10
950504,2017-02-08 07:16:49
950505,2017-02-08 07:18:14
950506,2017-02-08 07:19:01
950507,2017-02-08 07:19:46
950508,2017-02-08 07:20:39
950509,2017-02-08 07:21:11
950510,2017-02-08 07:21:30
950511,2017-02-08 07:22:00
950512,2017-02-08 07:22:30
950513,2017-02-08 07:22:57
950514,2017-02-08 07:23:14
950515,2017-02-08 07:23:34
950516,2017-02-08 07:24:07
950517,2017-02-08 07:25:05
950518,2017-02-08 07:25:34
950519,2017-02-08 07:26:03
950520,2017-02-08 07:26:21
950521,2017-02-08 07:26:44
950522,2017-02-08 07:27:24
950523,2017-02-08 07:27:29
950524,2017-02-08 07:28:03
950525,2017-02-08 07:28:33
950526,2017-02-08 07:28:45
950527,2017-02-08 07:29:03
950528,2017-02-08 07:29:20
950529,2017-02-08 07:29:31
950530,2017-02-08 07:29:45
950531,2017-02-08 07:29:59
950532,2017-02-08 07:30:27
950533,2017-02-08 07:30:42
950534,2017-02-08 07:30:55
950535,2017-02-08 07:31:24
950536,2017-02-08 07:31:58
950537,2017-02-08 07:32:26
950538,2017-02-08 07:33:11
950539,2017-02-08 07:34:18
950540,2017-02-08 07:34:34
950541,2017-02-08 07:34:42
950542,2017-02-08 07:35:12
950543,2017-02-08 13:36:38
950544,2017-02-08 13:36:45
950545,2017-02-08 13:37:18
950546,2017-02-08 13:38:01
950547,2017-02-08 13:38:46
950548,2017-02-08 13:39:04
950549,2017-02-08 13:39:40
950550,2017-02-08 13:40:02
950551,2017-02-08 13:40:39
950552,2017-02-08 13:40:49
950553,2017-02-08 13:41:11
950554,2017-02-08 13:41:31
950555,2017-02-08 13:41:37
950556,2017-02-08 13:41:47
950557,2017-02-08 13:42:05
950558,2017-02-08 13:42:30
950559,2017-02-08 13:42:36
950560,2017-02-08 13:43:33
950561,2017-02-08 13:44:01
950562,2017-02-08 13:44:46
950563,2017-02-08 13:45:03
950564,2017-02-08 13:45:07
950565,2017-02-08 13:45:28
950566,2017-02-08 13:45:43
950567,2017-02-08 13:46:06
950568,2017-02-08 13:46:37
950569,2017-02-08 13:47:22
950570,2017-02-08 13:48:07
950571,2017-02-08 13:48:27
950572,2017-02-08 13:48:50
950573,2017-02-08 13:49:35
950574,2017-02-08 13:49:51
950575,2017-02-08 13:50:02
950576,2017-02-08 13:50:06
1037045,2017-02-13 05:42:42
1037046,2017-02-13 05:43:05
1037047,2017-02-13 05:43:47
1037048,2017-02-13 05:44:04
1037049,2017-02-13 05:44:49
1037050,2017-02-13 05:45:13
1037051,2017-02-13 05:45:58
1037052,2017-02-13 05:46:43
1037053,2017-02-13 05:47:28
1037054,2017-02-13 05:48:05
1037055,2017-02-13 05:48:18
1037056,2017-02-13 05:48:37
1037057,2017-02-13 05:49:06
1037058,2017-02-13 05:49:19
1037059,2017-02-13 05:49:35
1037060,2017-02-13 05:49:46
1037061,2017-02-13 05:50:08
1037062,2017-02-13 05:50:22
1037063,2017-02-13 05:50:47
1037064,2017-02-13 05:50:58
1037065,2017-02-13 05:51:39
1037066,2017-02-13 05:52:10
1037067,2017-02-13 05:52:46
1037068,2017-02-13 05:53:01
1037069,2017-02-13 05:53:14
1037070,2017-02-13 05:53:33
1037071,2017-02-13 05:54:36
1037072,2017-02-13 05:54:50
1037073,2017-02-13 05:55:00
1037074,2017-02-13 05:55:25
1037075,2017-02-13 05:55:57
1037076,2017-02-13 14:34:41
1037077,2017-02-13 14:34:48
1037078,2017-02-13 14:35:22
1037079,2017-02-13 14:36:03
1037080,2017-02-13 14:36:14
1037081,2017-02-13 14:36:23
1037082,2017-02-13 14:36:48
1037083,2017-02-13 14:36:59
1037084,2017-02-13 14:37:42
1037085,2017-02-13 14:38:24
1037086,2017-02-13 14:38:39
1037087,2017-02-13 14:39:25
1037088,2017-02-13 14:40:06
1037089,2017-02-13 14:40:12
1037090,2017-02-13 14:41:15
1037091,2017-02-13 14:41:48
1037092,2017-02-13 14:42:13
1037093,2017-02-13 14:42:32
1037094,2017-02-13 14:43:05
1037095,2017-02-13 14:43:52
1037096,2017-02-13 14:44:49
1037097,2017-02-13 14:45:40
1037098,2017-02-13 14:46:16
1037099,2017-02-13 14:46:50
1037100,2017-02-13 14:47:45
1037101,2017-02-13 14:48:37
1037102,2017-02-13 14:48:55
1037103,2017-02-13 14:49:23
1037104,2017-02-13 14:49:38
1037105,2017-02-13 14:50:23
1037106,2017-02-13 14:50:51
1037107,2017-02-13 14:51:01
1037108,2017-02-13 14:51:24
1037109,2017-02-13 14:52:00
1037110,2017-02-13 14:52:24
1037111,2017-02-13 14:53:06
1037112,2017-02-13 14:53:22
1037113,2017-02-13 14:53:29
1037114,2017-02-13 14:53:34
742674,2017-02-14 07:54:10
742675,2017-02-14 07:54:36
742676,2017-02-14 07:55:26
742677,2017-02-14 07:56:11
742678,2017-02-14 07:56:56
742679,2017-02-14 07:57:26
742680,2017-02-14 07:57:57
742681,2017-02-14 07:58:17
742682,2017-02-14 07:58:39
742683,2017-02-14 07:59:09
742684,2017-02-14 07:59:54
742685,2017-02-14 08:00:39
742686,2017-02-14 08:00:59
742687,2017-02-14 08:01:21
742688,2017-02-14 08:02:04
742689,2017-02-14 08:02:17
742690,2017-02-14 08:02:36
742691,2017-02-14 08:03:04
742692,2017-02-14 08:03:16
742693,2017-02-14 08:03:24
742694,2017-02-14 08:03:50
742695,2017-02-14 08:04:41
742696,2017-02-14 08:04:52
742697,2017-02-14 08:05:34
742698,2017-02-14 08:05:46
742699,2017-02-14 08:06:31
742700,2017-02-14 08:06:58
742701,2017-02-14 08:07:11
742702,2017-02-14 08:07:31
742703,2017-02-14 08:08:09
742704,2017-02-14 08:08:39
742705,2017-02-14 08:08:54
742706,2017-02-14 08:09:09
742707,2017-02-14 08:09:35
742708,2017-02-14 13:30:41
742709,2017-02-14 13:30:53
742710,2017-02-14 13:30:59
742711,2017-02-14 13:31:30
742712,2017-02-14 13:31:35
742713,2017-02-14 13:32:16
742714,2017-02-14 13:32:22
742715,2017-02-14 13:32:32
742716,2017-02-14 13:32:50
742717,2017-02-14 13:33:13
742718,2017-02-14 13:33:52
742719,2017-02-14 13:34:35
742720,2017-02-14 13:34:45
742721,2017-02-14 13:35:05
742722,2017-02-14 13:35:47
742723,2017-02-14 13:35:56
742724,2017-02-14 13:36:27
742725,2017-02-14 13:36:41
742726,2017-02-14 13:36:57
742727,2017-02-14 13:37:09
742728,2017-02-14 13:37:14
742729,2017-02-14 13:37:22
742730,2017-02-14 13:37:46
742731,2017-02-14 13:38:35
742732,2017-02-14 13:39:03
742733,2017-02-14 13:39:21
742734,2017-02-14 13:39:39
742735,2017-02-14 13:40:05
742736,2017-02-14 13:40:50
742737,2017-02-14 13:41:08
742738,2017-02-14 13:41:23
742739,2017-02-14 13:42:04
742740,2017-02-14 13:42:29
742741,2017-02-14 13:43:14
742742,2017-02-14 13:43:52
742743,2017-02-14 13:44:11
742744,2017-02-14 13:44:35
742745,2017-02-14 13:44:57
742746,2017-02-14 13:45:34
742747,2017-02-14 13:45:53
742748,2017-02-14 13:46:05
742749,2017-02-14 13:46:10
1420758,2017-02-15 06:46:17
1420759,2017-02-15 06:46:48
1420760,2017-02-15 06:47:44
1420761,2017-02-15 06:48:18
1420762,2017-02-15 06:48:38
1420763,2017-02-15 06:48:57
1420764,2017-02-15 06:49:27
1420765,2017-02-15 06:50:12
1420766,2017-02-15 06:50:30
1420767,2017-02-15 06:51:00
1420768,2017-02-15 06:51:25
1420769,2017-02-15 06:52:10
1420770,2017-02-15 06:52:33
1420771,2017-02-15 06:53:18
1420772,2017-02-15 06:53:55
1420773,2017-02-15 06:54:08
1420774,2017-02-15 06:54:28
1420775,2017-02-15 06:54:49
1420776,2017-02-15 06:55:22
1420777,2017-02-15 06:55:50
1420778,2017-02-15 06:55:56
1420779,2017-02-15 06:56:42
1420780,2017-02-15 06:56:53
1420781,2017-02-15 06:57:29
1420782,2017-02-15 06:58:26
1420783,2017-02-15 06:58:44
1420784,2017-02-15 06:58:55
1420785,2017-02-15 06:59:14
1420786,2017-02-15 07:00:04
1420787,2017-02-15 07:00:26
1420788,2017-02-15 07:00:39
1420789,2017-02-15 07:00:49
1420790,2017-02-15 07:01:00
1420791,2017-02-15 07:01:45
1420792,2017-02-15 14:42:50
1420793,2017-02-15 14:42:56
1420794,2017-02-15 14:43:50
1420795,2017-02-15 14:44:33
1420796,2017-02-15 14:45:02
1420797,2017-02-15 14:46:06
1420798,2017-02-15 14:46:20
1420799,2017-02-15 14:47:02
1420800,2017-02-15 14:47:21
1420801,2017-02-15 14:47:45
1420802,2017-02-15 14:48:56
1420803,2017-02-15 14:49:16
1420804,2017-02-15 14:49:32
1420805,2017-02-15 14:50:10
1420806,2017-02-15 14:50:49
1420807,2017-02-15 14:51:58
1420808,2017-02-15 14:53:00
1420809,2017-02-15 14:53:52
1420810,2017-02-15 14:54:40
1420811,2017-02-15 14:55:06
1420812,2017-02-15 14:55:52
1420813,2017-02-15 14:56:08
1420814,2017-02-15 14:56:44
1420815,2017-02-15 14:56:56
1420816,2017-02-15 14:57:19
1420817,2017-02-15 14:58:49
1420818,2017-02-15 14:59:12
1420819,2017-02-15 14:59:48
1420820,2017-02-15 15:00:21
1420821,2017-02-15 15:01:58
1420822,2017-02-15 15:03:03
1420823,2017-02-15 15:03:39
1420824,2017-02-15 15:04:10
1420825,2017-02-15 15:04:57
1420826,2017-02-15 15:05:58
1420827,2017-02-15 15:06:41
1420828,2017-02-15 15:07:26
1420829,2017-02-15 15:07:39
1420830,2017-02-15 15:08:23
1420831,2017-02-15 15:08:48
1420832,2017-02-15 15:09:09
1420833,2017-02-15 15:09:54
1420834,2017-02-15 15:10:39
1420835,2017-02-15 15:11:21
1420836,2017-02-15 15:11:48
1420837,2017-02-15 15:12:10
1420838,2017-02-15 15:13:18
1420839,2017-02-15 15:13:28
1734305,2017-02-16 06:37:17
1734306,2017-02-16 06:37:45
1734307,2017-02-16 06:38:44
1734308,2017-02-16 06:39:12
1734309,2017-02-16 06:39:51
1734310,2017-02-16 06:40:36
1734311,2017-02-16 06:41:09
1734312,2017-02-16 06:41:32
1734313,2017-02-16 06:41:48
1734314,2017-02-16 06:42:27
1734315,2017-02-16 06:42:57
1734316,2017-02-16 06:43:42
1734317,2017-02-16 06:44:04
1734318,2017-02-16 06:44:27
1734319,2017-02-16 06:45:12
1734320,2017-02-16 06:45:22
1734321,2017-02-16 06:45:47
1734322,2017-02-16 06:46:11
1734323,2017-02-16 06:46:29
1734324,2017-02-16 06:46:53
1734325,2017-02-16 06:47:02
1734326,2017-02-16 06:47:09
1734327,2017-02-16 06:47:49
1734328,2017-02-16 06:48:09
1734329,2017-02-16 06:48:26
1734330,2017-02-16 06:48:41
1734331,2017-02-16 06:49:08
1734332,2017-02-16 06:49:23
1734333,2017-02-16 06:50:04
1734334,2017-02-16 06:50:32
1734335,2017-02-16 06:51:08
1734336,2017-02-16 06:51:54
1734337,2017-02-16 06:52:25
1734338,2017-02-16 06:52:50
1734339,2017-02-16 06:53:14
1734340,2017-02-16 06:53:19
1734341,2017-02-16 06:53:30
1734342,2017-02-16 06:53:40
1734343,2017-02-16 06:54:08
1734344,2017-02-16 14:40:08
1734345,2017-02-16 14:40:19
1734346,2017-02-16 14:40:34
1734347,2017-02-16 14:41:35
1734348,2017-02-16 14:41:49
1734349,2017-02-16 14:42:08
1734350,2017-02-16 14:42:24
1734351,2017-02-16 14:42:41
1734352,2017-02-16 14:43:06
1734353,2017-02-16 14:43:22
1734354,2017-02-16 14:43:42
1734355,2017-02-16 14:44:07
1734356,2017-02-16 14:44:20
1734357,2017-02-16 14:45:05
1734358,2017-02-16 14:45:35
1734359,2017-02-16 14:46:41
1734360,2017-02-16 14:47:33
1734361,2017-02-16 14:47:37
1734362,2017-02-16 14:48:52
1734363,2017-02-16 14:50:01
1734364,2017-02-16 14:50:21
1734365,2017-02-16 14:50:58
1734366,2017-02-16 14:51:43
1734367,2017-02-16 14:51:56
1734368,2017-02-16 14:52:39
1734369,2017-02-16 14:53:11
1734370,2017-02-16 14:53:41
1734371,2017-02-16 14:53:52
1734372,2017-02-16 14:54:32
1734373,2017-02-16 14:55:24
1734374,2017-02-16 14:55:49
1734375,2017-02-16 14:56:19
1734376,2017-02-16 14:57:04
1734377,2017-02-16 14:57:10
1734378,2017-02-16 14:57:41
1734379,2017-02-16 14:58:41
1734380,2017-02-16 14:59:19
1734381,2017-02-16 15:00:04
1734382,2017-02-16 15:00:23
1734383,2017-02-16 15:01:08
1734384,2017-02-16 15:01:36
1734385,2017-02-16 15:01:58
1734386,2017-02-16 15:02:55
1734387,2017-02-16 15:03:28
1734388,2017-02-16 15:04:00
1734389,2017-02-16 15:04:37
1734390,2017-02-16 15:05:20
1734391,2017-02-16 15:05:37
1734392,2017-02-16 15:05:56
1734393,2017-02-16 15:06:25
1734394,2017-02-16 15:06:30
660709,2017-02-17 06:50:42
660710,2017-02-17 06:51:03
660711,2017-02-17 06:52:23
660712,2017-02-17 06:52:45
660713,2017-02-17 06:53:06
660714,2017-02-17 06:53:25
660715,2017-02-17 06:53:49
660716,2017-02-17 06:54:15
660717,2017-02-17 06:54:42
660718,2017-02-17 06:55:04
660719,2017-02-17 06:55:34
660720,2017-02-17 06:56:01
660721,2017-02-17 06:56:35
660722,2017-02-17 06:57:20
660723,2017-02-17 06:58:05
660724,2017-02-17 06:58:49
660725,2017-02-17 06:59:09
660726,2017-02-17 06:59:21
660727,2017-02-17 06:59:44
660728,2017-02-17 07:00:10
660729,2017-02-17 07:00:28
660730,2017-02-17 07:00:51
660731,2017-02-17 07:01:10
660732,2017-02-17 07:01:31
660733,2017-02-17 07:01:45
660734,2017-02-17 07:01:54
660735,2017-02-17 07:02:39
660736,2017-02-17 07:02:53
660737,2017-02-17 07:03:06
660738,2017-02-17 07:03:49
660739,2017-02-17 07:04:16
660740,2017-02-17 07:04:33
660741,2017-02-17 07:05:05
660742,2017-02-17 07:05:19
660743,2017-02-17 07:05:59
660744,2017-02-17 07:06:11
660745,2017-02-17 07:06:36
660746,2017-02-17 07:07:09
660747,2017-02-17 13:58:06
660748,2017-02-17 13:58:09
660749,2017-02-17 13:58:18
660750,2017-02-17 13:58:30
660751,2017-02-17 13:58:43
660752,2017-02-17 13:59:47
660753,2017-02-17 14:00:29
660754,2017-02-17 14:01:27
660755,2017-02-17 14:02:05
660756,2017-02-17 14:02:42
660757,2017-02-17 14:03:09
660758,2017-02-17 14:03:35
660759,2017-02-17 14:03:53
660760,2017-02-17 14:04:20
660761,2017-02-17 14:05:02
660762,2017-02-17 14:05:06
660763,2017-02-17 14:05:12
660764,2017-02-17 14:05:37
660765,2017-02-17 14:06:37
660766,2017-02-17 14:07:47
660767,2017-02-17 14:08:08
660768,2017-02-17 14:08:41
660769,2017-02-17 14:09:06
660770,2017-02-17 14:09:31
660771,2017-02-17 14:10:12
660772,2017-02-17 14:10:18
660773,2017-02-17 14:10:53
660774,2017-02-17 14:11:21
660775,2017-02-17 14:11:27
660776,2017-02-17 14:12:03
660777,2017-02-17 14:12:40
660778,2017-02-17 14:13:20
660779,2017-02-17 14:14:05
660780,2017-02-17 14:14:29
660781,2017-02-17 14:14:48
660782,2017-02-17 14:15:16
660783,2017-02-17 14:15:33
660784,2017-02-17 14:16:08
660785,2017-02-17 14:16:51
660786,2017-02-17 14:17:09
660787,2017-02-17 14:17:54
660788,2017-02-17 14:18:39
660789,2017-02-17 14:18:54
660790,2017-02-17 14:19:09
660791,2017-02-17 14:19:23
660792,2017-02-17 14:19:27
660793,2017-02-17 14:19:31
1331355,2017-02-20 07:15:01
1331356,2017-02-20 07:16:14
1331357,2017-02-20 07:16:47
1331358,2017-02-20 07:17:08
1331359,2017-02-20 07:17:26
1331360,2017-02-20 07:17:59
1331361,2017-02-20 07:18:20
1331362,2017-02-20 07:18:41
1331363,2017-02-20 07:19:15
1331364,2017-02-20 07:19:33
1331365,2017-02-20 07:19:54
1331366,2017-02-20 07:20:18
1331367,2017-02-20 07:20:59
1331368,2017-02-20 07:21:27
1331369,2017-02-20 07:21:42
1331370,2017-02-20 07:22:27
1331371,2017-02-20 07:22:52
1331372,2017-02-20 07:23:06
1331373,2017-02-20 07:23:26
1331374,2017-02-20 07:23:54
1331375,2017-02-20 07:24:07
1331376,2017-02-20 07:24:29
1331377,2017-02-20 07:24:52
1331378,2017-02-20 07:25:09
1331379,2017-02-20 07:25:39
1331380,2017-02-20 07:26:05
1331381,2017-02-20 07:26:18
1331382,2017-02-20 07:26:55
1331383,2017-02-20 07:27:52
1331384,2017-02-20 07:28:16
1331385,2017-02-20 07:28:29
1331386,2017-02-20 07:28:47
1331387,2017-02-20 07:29:55
1331388,2017-02-20 07:30:09
1331389,2017-02-20 07:30:18
1331390,2017-02-20 07:30:31
1331391,2017-02-20 07:30:48
1331392,2017-02-20 07:31:09
1331393,2017-02-20 13:53:03
1331394,2017-02-20 13:53:48
887699,2017-02-21 05:53:22
887700,2017-02-21 05:53:52
887701,2017-02-21 05:54:44
887702,2017-02-21 05:55:29
887703,2017-02-21 05:56:02
887704,2017-02-21 05:56:45
887705,2017-02-21 05:57:30
887706,2017-02-21 05:57:49
887707,2017-02-21 05:58:34
887708,2017-02-21 05:59:19
887709,2017-02-21 06:00:04
887710,2017-02-21 06:00:21
887711,2017-02-21 06:00:39
887712,2017-02-21 06:00:53
887713,2017-02-21 06:01:11
887714,2017-02-21 06:01:26
887715,2017-02-21 06:01:40
887716,2017-02-21 06:02:11
887717,2017-02-21 06:02:21
887718,2017-02-21 06:03:06
887719,2017-02-21 06:03:19
887720,2017-02-21 06:03:48
887721,2017-02-21 06:04:32
887722,2017-02-21 06:05:18
887723,2017-02-21 06:05:53
887724,2017-02-21 06:06:30
887725,2017-02-21 06:06:44
887726,2017-02-21 06:06:50
887727,2017-02-21 06:07:03
887728,2017-02-21 06:07:25
887729,2017-02-21 14:45:42
887730,2017-02-21 14:46:02
887731,2017-02-21 14:46:09
887732,2017-02-21 14:46:20
887733,2017-02-21 14:47:01
887734,2017-02-21 14:48:24
887735,2017-02-21 14:48:57
887736,2017-02-21 14:49:29
887737,2017-02-21 14:49:59
887738,2017-02-21 14:50:15
887739,2017-02-21 14:50:39
887740,2017-02-21 14:51:24
887741,2017-02-21 14:51:59
887742,2017-02-21 14:52:25
887743,2017-02-21 14:52:40
887744,2017-02-21 14:52:56
887745,2017-02-21 14:53:42
887746,2017-02-21 14:54:45
887747,2017-02-21 14:55:30
887748,2017-02-21 14:56:12
887749,2017-02-21 14:56:17
887750,2017-02-21 14:56:33
887751,2017-02-21 14:57:36
887752,2017-02-21 14:57:54
887753,2017-02-21 14:59:22
887754,2017-02-21 15:00:03
887755,2017-02-21 15:00:22
887756,2017-02-21 15:00:40
887757,2017-02-21 15:01:15
887758,2017-02-21 15:02:16
887759,2017-02-21 15:02:38
887760,2017-02-21 15:02:50
887761,2017-02-21 15:02:53
887762,2017-02-21 15:03:08
887763,2017-02-21 15:03:36
887764,2017-02-21 15:04:21
887765,2017-02-21 15:04:49
887766,2017-02-21 15:05:24
887767,2017-02-21 15:06:09
887768,2017-02-21 15:06:54
887769,2017-02-21 15:07:24
887770,2017-02-21 15:07:40
887771,2017-02-21 15:08:09
887772,2017-02-21 15:08:35
887773,2017-02-21 15:09:19
887774,2017-02-21 15:09:58
887775,2017-02-21 15:10:24
887776,2017-02-21 15:10:39
887777,2017-02-21 15:10:44
1807503,2017-02-22 07:08:37
1807504,2017-02-22 07:09:08
1807505,2017-02-22 07:10:45
1807506,2017-02-22 07:11:30
1807507,2017-02-22 07:11:46
1807508,2017-02-22 07:12:06
1807509,2017-02-22 07:12:51
1807510,2017-02-22 07:13:09
1807511,2017-02-22 07:13:36
1807512,2017-02-22 07:13:49
1807513,2017-02-22 07:14:12
1807514,2017-02-22 07:14:57
1807515,2017-02-22 07:15:15
1807516,2017-02-22 07:15:36
1807517,2017-02-22 07:15:54
1807518,2017-02-22 07:16:19
1807519,2017-02-22 07:16:35
1807520,2017-02-22 07:16:53
1807521,2017-02-22 07:16:57
1807522,2017-02-22 07:17:27
1807523,2017-02-22 07:17:41
1807524,2017-02-22 07:17:49
1807525,2017-02-22 07:17:50
1807526,2017-02-22 07:17:53
1807527,2017-02-22 07:17:57
1807528,2017-02-22 07:18:10
1807529,2017-02-22 07:18:24
1807530,2017-02-22 07:18:29
1807531,2017-02-22 07:18:34
1807532,2017-02-22 07:18:48
1807533,2017-02-22 07:18:55
1807534,2017-02-22 07:19:02
1807535,2017-02-22 07:19:15
1807536,2017-02-22 07:19:55
1807537,2017-02-22 07:20:36
1807538,2017-02-22 07:21:04
1807539,2017-02-22 07:21:43
1807540,2017-02-22 07:22:11
1807541,2017-02-22 07:22:33
1807542,2017-02-22 07:23:22
1807543,2017-02-22 07:23:25
1807544,2017-02-22 07:23:45
1807545,2017-02-22 07:24:00
1807546,2017-02-22 07:24:08
1807547,2017-02-22 07:24:42
1807548,2017-02-22 13:34:30
1807549,2017-02-22 13:34:36
1807550,2017-02-22 13:34:54
1807551,2017-02-22 13:35:31
1807552,2017-02-22 13:36:40
1807553,2017-02-22 13:37:20
1807554,2017-02-22 13:37:32
1807555,2017-02-22 13:37:53
1807556,2017-02-22 13:38:28
1807557,2017-02-22 13:38:43
1807558,2017-02-22 13:38:59
1807559,2017-02-22 13:39:22
1807560,2017-02-22 13:40:00
1807561,2017-02-22 13:40:07
1807562,2017-02-22 13:40:15
1807563,2017-02-22 13:41:00
1807564,2017-02-22 13:41:35
1807565,2017-02-22 13:41:51
1807566,2017-02-22 13:42:33
1807567,2017-02-22 13:42:43
1807568,2017-02-22 13:42:49
1807569,2017-02-22 13:43:08
1807570,2017-02-22 13:43:17
1807571,2017-02-22 13:43:32
1807572,2017-02-22 13:43:51
1807573,2017-02-22 13:43:55
1807574,2017-02-22 13:44:32
1807575,2017-02-22 13:45:17
1807576,2017-02-22 13:45:25
1807577,2017-02-22 13:45:44
1807578,2017-02-22 13:46:03
1807579,2017-02-22 13:46:42
1807580,2017-02-22 13:47:11
1807581,2017-02-22 13:47:47
1807582,2017-02-22 13:48:23
1807583,2017-02-22 13:49:08
1807584,2017-02-22 13:49:41
1807585,2017-02-22 13:50:06
1807586,2017-02-22 13:50:34
1807587,2017-02-22 13:51:12
1807588,2017-02-22 13:51:57
1807589,2017-02-22 13:52:15
1807590,2017-02-22 13:52:41
1807591,2017-02-22 13:52:46
1206935,2017-02-24 05:35:31
1206936,2017-02-24 05:35:53
1206937,2017-02-24 05:36:34
1206938,2017-02-24 05:36:50
1206939,2017-02-24 05:37:35
1206940,2017-02-24 05:38:15
1206941,2017-02-24 05:39:00
1206942,2017-02-24 05:39:26
1206943,2017-02-24 05:40:11
1206944,2017-02-24 05:40:56
1206945,2017-02-24 05:41:14
1206946,2017-02-24 05:41:30
1206947,2017-02-24 05:41:47
1206948,2017-02-24 05:42:01
1206949,2017-02-24 05:42:08
1206950,2017-02-24 05:42:32
1206951,2017-02-24 05:42:44
1206952,2017-02-24 05:43:21
1206953,2017-02-24 05:43:32
1206954,2017-02-24 05:44:10
1206955,2017-02-24 05:44:13
1206956,2017-02-24 05:44:57
1206957,2017-02-24 05:45:14
1206958,2017-02-24 05:45:42
1206959,2017-02-24 05:45:59
1206960,2017-02-24 05:46:31
1206961,2017-02-24 05:46:38
1206962,2017-02-24 05:47:07
1206963,2017-02-24 05:47:23
1206964,2017-02-24 05:47:31
1206965,2017-02-24 05:47:59
1206966,2017-02-24 14:38:09
1206967,2017-02-24 14:38:18
1206968,2017-02-24 14:38:30
1206969,2017-02-24 14:38:42
1206970,2017-02-24 14:39:16
1206971,2017-02-24 14:39:22
1206972,2017-02-24 14:39:39
1206973,2017-02-24 14:39:49
1206974,2017-02-24 14:40:22
1206975,2017-02-24 14:40:52
1206976,2017-02-24 14:41:35
1206977,2017-02-24 14:41:50
1206978,2017-02-24 14:42:28
1206979,2017-02-24 14:43:35
1206980,2017-02-24 14:44:00
1206981,2017-02-24 14:44:29
1206982,2017-02-24 14:45:02
1206983,2017-02-24 14:45:39
1206984,2017-02-24 14:46:12
1206985,2017-02-24 14:46:33
1206986,2017-02-24 14:47:29
1206987,2017-02-24 14:48:30
1206988,2017-02-24 14:49:27
1206989,2017-02-24 14:50:20
1206990,2017-02-24 14:51:21
1206991,2017-02-24 14:53:00
1206992,2017-02-24 14:53:31
1206993,2017-02-24 14:53:33
1206994,2017-02-24 14:53:39
1206995,2017-02-24 14:54:16
1206996,2017-02-24 14:54:40
1206997,2017-02-24 14:55:19
1206998,2017-02-24 14:55:50
1206999,2017-02-24 14:56:21
1207000,2017-02-24 14:56:57
1207001,2017-02-24 14:57:12
1207002,2017-02-24 14:57:26
1207003,2017-02-24 14:58:18
1207004,2017-02-24 14:59:04
1207005,2017-02-24 14:59:34
1207006,2017-02-24 14:59:50
1207007,2017-02-24 15:00:35
1207008,2017-02-24 15:01:05
1207009,2017-02-24 15:01:31
1207010,2017-02-24 15:01:47
1207011,2017-02-24 15:02:10
1207012,2017-02-24 15:02:37
1207013,2017-02-24 15:03:33
1207014,2017-02-24 15:04:26
1207015,2017-02-24 15:05:11
1207016,2017-02-24 15:05:27
1207017,2017-02-24 15:05:48
1207018,2017-02-24 15:05:58
1207019,2017-02-24 15:06:03
352115,2017-02-27 05:51:07
352116,2017-02-27 05:51:35
352117,2017-02-27 05:52:38
352118,2017-02-27 05:53:05
352119,2017-02-27 05:53:38
352120,2017-02-27 05:54:23
352121,2017-02-27 05:55:08
352122,2017-02-27 05:55:53
352123,2017-02-27 05:56:38
352124,2017-02-27 05:57:15
352125,2017-02-27 05:57:32
352126,2017-02-27 05:57:48
352127,2017-02-27 05:58:03
352128,2017-02-27 05:58:18
352129,2017-02-27 05:58:38
352130,2017-02-27 05:59:00
352131,2017-02-27 05:59:14
352132,2017-02-27 05:59:59
352133,2017-02-27 06:00:14
352134,2017-02-27 06:00:29
352135,2017-02-27 06:00:47
352136,2017-02-27 06:01:29
352137,2017-02-27 06:01:57
352138,2017-02-27 06:02:45
352139,2017-02-27 06:03:52
352140,2017-02-27 06:04:06
352141,2017-02-27 06:04:14
352142,2017-02-27 06:04:41
352143,2017-02-27 15:08:45
352144,2017-02-27 15:09:10
352145,2017-02-27 15:09:53
352146,2017-02-27 15:10:21
352147,2017-02-27 15:11:06
352148,2017-02-27 15:11:46
352149,2017-02-27 15:12:44
352150,2017-02-27 15:13:29
352151,2017-02-27 15:14:14
352152,2017-02-27 15:14:59
352153,2017-02-27 15:15:39
352154,2017-02-27 15:15:59
352155,2017-02-27 15:25:10
352156,2017-02-27 15:25:28
352157,2017-02-27 15:25:51
352158,2017-02-27 15:26:22
352159,2017-02-27 15:26:38
352160,2017-02-27 15:26:53
65899,2017-02-28 07:33:18
65900,2017-02-28 07:33:45
65901,2017-02-28 07:34:14
65902,2017-02-28 07:34:50
65903,2017-02-28 07:35:18
65904,2017-02-28 07:35:47
65905,2017-02-28 07:36:27
65906,2017-02-28 07:36:54
65907,2017-02-28 07:37:23
65908,2017-02-28 07:37:47
65909,2017-02-28 07:38:32
65910,2017-02-28 07:38:45
65911,2017-02-28 07:39:30
65912,2017-02-28 07:39:52
65913,2017-02-28 07:40:22
65914,2017-02-28 07:40:34
65915,2017-02-28 07:40:49
65916,2017-02-28 07:41:06
65917,2017-02-28 07:41:20
65918,2017-02-28 07:41:35
65919,2017-02-28 07:41:49
65920,2017-02-28 07:42:21
65921,2017-02-28 07:42:51
65922,2017-02-28 07:43:14
65923,2017-02-28 07:43:57
65924,2017-02-28 07:44:24
65925,2017-02-28 07:44:42
65926,2017-02-28 07:45:22
65927,2017-02-28 07:45:59
65928,2017-02-28 07:46:14
65929,2017-02-28 07:46:26
65930,2017-02-28 07:46:53
65931,2017-02-28 14:35:59
65932,2017-02-28 14:36:13
65933,2017-02-28 14:36:26
65934,2017-02-28 14:36:42
65935,2017-02-28 14:37:40
65936,2017-02-28 14:37:52
65937,2017-02-28 14:38:19
65938,2017-02-28 14:39:04
65939,2017-02-28 14:40:04
65940,2017-02-28 14:41:23
65941,2017-02-28 14:42:19
65942,2017-02-28 14:42:41
65943,2017-02-28 14:43:13
65944,2017-02-28 14:43:43
65945,2017-02-28 14:44:16
65946,2017-02-28 14:45:04
65947,2017-02-28 14:45:54
65948,2017-02-28 14:47:00
65949,2017-02-28 14:47:45
65950,2017-02-28 14:49:07
65951,2017-02-28 14:49:36
65952,2017-02-28 14:49:52
65953,2017-02-28 14:50:08
65954,2017-02-28 14:50:38
65955,2017-02-28 14:51:23
65956,2017-02-28 14:51:40
65957,2017-02-28 14:52:25
65958,2017-02-28 14:52:45
65959,2017-02-28 14:53:15
65960,2017-02-28 14:53:50
65961,2017-02-28 14:54:12
65962,2017-02-28 14:54:40
65963,2017-02-28 14:55:08
65964,2017-02-28 14:55:49
65965,2017-02-28 14:56:18
65966,2017-02-28 14:56:50
65967,2017-02-28 14:57:35
65968,2017-02-28 14:58:19
65969,2017-02-28 14:58:41
65970,2017-02-28 14:59:07
65971,2017-02-28 14:59:24
65972,2017-02-28 15:00:10
65973,2017-02-28 15:00:44
65974,2017-02-28 15:01:05
65975,2017-02-28 15:01:20
65976,2017-02-28 15:01:24
1693477,2017-03-01 05:44:28
1693478,2017-03-01 05:44:44
1693479,2017-03-01 05:45:32
1693480,2017-03-01 05:46:09
1693481,2017-03-01 05:46:54
1693482,2017-03-01 05:47:16
1693483,2017-03-01 05:47:38
1693484,2017-03-01 05:48:23
1693485,2017-03-01 05:49:08
1693486,2017-03-01 05:49:53
1693487,2017-03-01 05:50:16
1693488,2017-03-01 05:50:52
1693489,2017-03-01 05:51:19
1693490,2017-03-01 05:51:41
1693491,2017-03-01 05:52:15
1693492,2017-03-01 05:52:53
1693493,2017-03-01 05:53:38
1693494,2017-03-01 05:53:53
1693495,2017-03-01 05:54:16
1693496,2017-03-01 05:54:41
1693497,2017-03-01 05:55:00
1693498,2017-03-01 05:55:35
1693499,2017-03-01 05:56:47
1693500,2017-03-01 05:57:02
1693501,2017-03-01 05:57:13
1693502,2017-03-01 05:57:43
1693503,2017-03-01 14:17:26
1693504,2017-03-01 14:17:36
1693505,2017-03-01 14:18:22
1693506,2017-03-01 14:18:57
1693507,2017-03-01 14:20:29
1693508,2017-03-01 14:20:48
1693509,2017-03-01 14:22:15
1693510,2017-03-01 14:23:36
1693511,2017-03-01 14:24:57
1693512,2017-03-01 14:25:36
1693513,2017-03-01 14:25:56
1693514,2017-03-01 14:26:11
1693515,2017-03-01 14:26:45
1693516,2017-03-01 14:27:06
1693517,2017-03-01 14:27:43
1693518,2017-03-01 14:27:50
1693519,2017-03-01 14:28:13
1693520,2017-03-01 14:28:34
1693521,2017-03-01 14:29:34
1693522,2017-03-01 14:30:27
1693523,2017-03-01 14:31:17
1693524,2017-03-01 14:32:02
1693525,2017-03-01 14:32:36
1693526,2017-03-01 14:32:59
1693527,2017-03-01 14:33:19
1693528,2017-03-01 14:34:09
1693529,2017-03-01 14:34:45
1693530,2017-03-01 14:35:10
1693531,2017-03-01 14:35:56
1693532,2017-03-01 14:36:07
1693533,2017-03-01 14:36:36
1693534,2017-03-01 14:36:46
1693535,2017-03-01 14:36:55
1693536,2017-03-01 14:37:04
1693537,2017-03-01 14:37:46
1693538,2017-03-01 14:38:27
1693539,2017-03-01 14:38:58
1693540,2017-03-01 14:39:28
1693541,2017-03-01 14:40:13
1693542,2017-03-01 14:40:58
1693543,2017-03-01 14:41:20
1693544,2017-03-01 14:42:05
1693545,2017-03-01 14:42:50
1693546,2017-03-01 14:43:35
1693547,2017-03-01 14:44:01
1693548,2017-03-01 14:44:31
1693549,2017-03-01 14:45:03
1693550,2017-03-01 14:45:48
1693551,2017-03-01 14:46:25
1693552,2017-03-01 14:46:42
1693553,2017-03-01 14:46:54
1693554,2017-03-01 14:46:59
1820943,2017-03-02 14:25:49
1820944,2017-03-02 14:26:14
1820945,2017-03-02 14:26:19
1820946,2017-03-02 14:26:56
1820947,2017-03-02 14:27:33
1820948,2017-03-02 14:27:44
1820949,2017-03-02 14:28:03
1820950,2017-03-02 14:28:32
1820951,2017-03-02 14:29:04
1820952,2017-03-02 14:29:19
1820953,2017-03-02 14:29:33
1820954,2017-03-02 14:29:49
1820955,2017-03-02 14:30:17
1820956,2017-03-02 14:30:38
1820957,2017-03-02 14:31:08
1820958,2017-03-02 14:32:08
1820959,2017-03-02 14:32:41
1820960,2017-03-02 14:34:30
1820961,2017-03-02 14:34:57
1820962,2017-03-02 14:35:13
1820963,2017-03-02 14:35:35
1820964,2017-03-02 14:36:01
1820965,2017-03-02 14:36:43
1820966,2017-03-02 14:37:07
1820967,2017-03-02 14:37:55
1820968,2017-03-02 14:38:01
1820969,2017-03-02 14:39:16
1820970,2017-03-02 14:40:06
1820971,2017-03-02 14:40:40
1820972,2017-03-02 14:40:57
1820973,2017-03-02 14:41:15
1820974,2017-03-02 14:41:46
1820975,2017-03-02 14:42:24
1820976,2017-03-02 14:42:47
1820977,2017-03-02 14:43:12
1820978,2017-03-02 14:43:45
1820979,2017-03-02 14:44:17
1820980,2017-03-02 14:44:47
1820981,2017-03-02 14:45:15
1820982,2017-03-02 14:45:57
1820983,2017-03-02 14:46:34
1820984,2017-03-02 14:47:15
1820985,2017-03-02 14:47:47
1820986,2017-03-02 14:48:05
1820987,2017-03-02 14:48:19
1820988,2017-03-02 14:48:24
1820989,2017-03-02 14:48:29
1032863,2017-03-03 05:54:19
1032864,2017-03-03 05:55:25
1032865,2017-03-03 05:55:46
1032866,2017-03-03 05:56:08
1032867,2017-03-03 05:56:26
1032868,2017-03-03 05:56:43
1032869,2017-03-03 05:57:20
1032870,2017-03-03 05:58:00
1032871,2017-03-03 05:58:45
1032872,2017-03-03 05:59:30
1032873,2017-03-03 06:00:15
1032874,2017-03-03 06:01:00
1032875,2017-03-03 06:01:17
1032876,2017-03-03 06:01:30
1032877,2017-03-03 06:01:51
1032878,2017-03-03 06:02:23
1032879,2017-03-03 06:02:28
1032880,2017-03-03 06:02:37
1032881,2017-03-03 06:03:22
1032882,2017-03-03 06:03:58
1032883,2017-03-03 06:04:21
1032884,2017-03-03 06:05:04
1032885,2017-03-03 06:05:46
1032886,2017-03-03 06:06:49
1032887,2017-03-03 06:06:59
1032888,2017-03-03 06:07:15
1032889,2017-03-03 06:07:34
1032890,2017-03-03 06:08:09
1032891,2017-03-03 06:09:16
1032892,2017-03-03 06:09:38
1032893,2017-03-03 06:10:29
1032894,2017-03-03 06:10:43
1032895,2017-03-03 06:11:05
1032896,2017-03-03 06:11:39
1032897,2017-03-03 06:12:45
1032898,2017-03-03 06:12:59
1032899,2017-03-03 06:13:03
1032900,2017-03-03 06:13:35
1032901,2017-03-03 14:39:11
1032902,2017-03-03 14:39:27
1032903,2017-03-03 14:39:37
1032904,2017-03-03 14:39:51
1032905,2017-03-03 14:40:15
1032906,2017-03-03 14:40:26
1032907,2017-03-03 14:41:09
1032908,2017-03-03 14:41:16
1032909,2017-03-03 14:41:28
1032910,2017-03-03 14:42:25
1032911,2017-03-03 14:42:52
1032912,2017-03-03 14:43:19
1032913,2017-03-03 14:43:46
1032914,2017-03-03 14:44:05
1032915,2017-03-03 14:44:35
1032916,2017-03-03 14:44:41
1032917,2017-03-03 14:45:04
1032918,2017-03-03 14:45:51
1032919,2017-03-03 14:46:41
1032920,2017-03-03 14:47:07
1032921,2017-03-03 14:48:04
1032922,2017-03-03 14:48:22
1032923,2017-03-03 14:49:07
1032924,2017-03-03 14:49:42
1032925,2017-03-03 14:50:07
1032926,2017-03-03 14:50:29
1032927,2017-03-03 14:51:15
1032928,2017-03-03 14:51:29
1032929,2017-03-03 14:52:28
1032930,2017-03-03 14:53:08
1032931,2017-03-03 14:54:09
1032932,2017-03-03 14:55:00
1032933,2017-03-03 14:56:03
1032934,2017-03-03 14:56:50
1032935,2017-03-03 14:57:19
1032936,2017-03-03 14:57:41
1032937,2017-03-03 14:58:07
1032938,2017-03-03 14:58:52
1032939,2017-03-03 14:59:10
1032940,2017-03-03 14:59:31
1032941,2017-03-03 14:59:49
1032942,2017-03-03 15:00:07
1032943,2017-03-03 15:00:21
1032944,2017-03-03 15:01:03
1032945,2017-03-03 15:01:25
1032946,2017-03-03 15:02:10
1032947,2017-03-03 15:02:55
1032948,2017-03-03 15:03:13
1032949,2017-03-03 15:03:34
1032950,2017-03-03 15:03:50
1032951,2017-03-03 15:03:56
1032952,2017-03-03 15:04:01
954192,2017-03-06 05:52:49
954193,2017-03-06 05:53:09
954194,2017-03-06 05:54:23
954195,2017-03-06 05:55:08
954196,2017-03-06 05:55:25
954197,2017-03-06 05:55:49
954198,2017-03-06 05:56:15
954199,2017-03-06 05:56:52
954200,2017-03-06 05:57:37
954201,2017-03-06 05:58:01
954202,2017-03-06 05:58:32
954203,2017-03-06 05:58:58
954204,2017-03-06 05:59:43
954205,2017-03-06 05:59:59
954206,2017-03-06 06:00:10
954207,2017-03-06 06:00:37
954208,2017-03-06 06:00:56
954209,2017-03-06 06:01:05
954210,2017-03-06 06:01:19
954211,2017-03-06 06:01:29
954212,2017-03-06 06:02:01
954213,2017-03-06 06:02:25
954214,2017-03-06 06:02:53
954215,2017-03-06 06:03:08
954216,2017-03-06 06:03:32
954217,2017-03-06 06:04:02
954218,2017-03-06 06:04:27
954219,2017-03-06 06:04:30
954220,2017-03-06 06:04:48
954221,2017-03-06 06:05:59
954222,2017-03-06 06:06:12
954223,2017-03-06 06:06:22
954224,2017-03-06 06:06:50
954225,2017-03-06 06:07:23
954226,2017-03-06 14:53:34
954227,2017-03-06 14:53:44
954228,2017-03-06 14:53:56
954229,2017-03-06 14:54:09
954230,2017-03-06 14:54:29
954231,2017-03-06 14:55:23
954232,2017-03-06 14:55:49
954233,2017-03-06 14:56:06
954234,2017-03-06 14:56:45
954235,2017-03-06 14:57:33
954236,2017-03-06 14:57:45
954237,2017-03-06 14:58:03
954238,2017-03-06 14:59:13
954239,2017-03-06 14:59:34
954240,2017-03-06 15:00:14
954241,2017-03-06 15:01:40
954242,2017-03-06 15:02:51
954243,2017-03-06 15:03:45
954244,2017-03-06 15:04:06
954245,2017-03-06 15:04:17
954246,2017-03-06 15:05:31
954247,2017-03-06 15:06:09
954248,2017-03-06 15:06:16
954249,2017-03-06 15:06:47
954250,2017-03-06 15:07:36
954251,2017-03-06 15:08:48
954252,2017-03-06 15:09:25
954253,2017-03-06 15:09:58
954254,2017-03-06 15:10:38
954255,2017-03-06 15:11:31
954256,2017-03-06 15:12:43
954257,2017-03-06 15:13:11
954258,2017-03-06 15:13:24
954259,2017-03-06 15:14:53
954260,2017-03-06 15:15:50
954261,2017-03-06 15:16:15
954262,2017-03-06 15:16:43
954263,2017-03-06 15:16:59
954264,2017-03-06 15:17:17
954265,2017-03-06 15:17:36
954266,2017-03-06 15:18:04
954267,2017-03-06 15:18:49
954268,2017-03-06 15:19:27
954269,2017-03-06 15:20:02
954270,2017-03-06 15:20:45
954271,2017-03-06 15:21:30
954272,2017-03-06 15:21:49
954273,2017-03-06 15:22:30
954274,2017-03-06 15:22:41
954275,2017-03-06 15:22:46
1719510,2017-03-07 08:01:18
1719511,2017-03-07 08:01:44
1719512,2017-03-07 08:03:29
1719513,2017-03-07 08:03:49
1719514,2017-03-07 08:04:34
1719515,2017-03-07 08:05:08
1719516,2017-03-07 08:05:39
1719517,2017-03-07 08:06:24
1719518,2017-03-07 08:06:58
1719519,2017-03-07 08:07:43
1719520,2017-03-07 08:08:02
1719521,2017-03-07 08:08:43
1719522,2017-03-07 08:09:28
1719523,2017-03-07 08:10:13
1719524,2017-03-07 08:10:19
1719525,2017-03-07 08:10:47
1719526,2017-03-07 08:11:00
1719527,2017-03-07 08:11:18
1719528,2017-03-07 08:11:33
1719529,2017-03-07 08:11:46
1719530,2017-03-07 08:12:31
1719531,2017-03-07 08:13:09
1719532,2017-03-07 08:13:37
1719533,2017-03-07 08:14:17
1719534,2017-03-07 08:14:45
1719535,2017-03-07 08:15:05
1719536,2017-03-07 08:15:39
1719537,2017-03-07 08:15:43
1719538,2017-03-07 08:16:05
1719539,2017-03-07 08:16:12
1719540,2017-03-07 08:16:16
1719541,2017-03-07 08:16:26
1719542,2017-03-07 08:16:37
1719543,2017-03-07 08:16:53
1662530,2017-03-08 05:58:56
1662531,2017-03-08 05:59:21
1662532,2017-03-08 06:00:36
1662533,2017-03-08 06:00:58
1662534,2017-03-08 06:01:43
1662535,2017-03-08 06:02:09
1662536,2017-03-08 06:02:46
1662537,2017-03-08 06:03:16
1662538,2017-03-08 06:03:30
1662539,2017-03-08 06:04:06
1662540,2017-03-08 06:04:51
1662541,2017-03-08 06:05:25
1662542,2017-03-08 06:05:41
1662543,2017-03-08 06:06:13
1662544,2017-03-08 06:06:32
1662545,2017-03-08 06:06:49
1662546,2017-03-08 06:07:09
1662547,2017-03-08 06:07:33
1662548,2017-03-08 06:07:50
1662549,2017-03-08 06:08:01
1662550,2017-03-08 06:08:19
1662551,2017-03-08 06:08:53
1662552,2017-03-08 06:08:56
1662553,2017-03-08 06:09:10
1662554,2017-03-08 06:09:32
1662555,2017-03-08 06:09:49
1662556,2017-03-08 06:10:02
1662557,2017-03-08 06:10:43
1662558,2017-03-08 06:10:57
1662559,2017-03-08 06:11:13
1662560,2017-03-08 06:11:42
1662561,2017-03-08 06:12:19
1662562,2017-03-08 06:12:55
1662563,2017-03-08 06:13:10
1662564,2017-03-08 06:13:14
1662565,2017-03-08 06:13:28
1662566,2017-03-08 06:13:48
1155691,2017-03-09 06:58:13
1155692,2017-03-09 06:58:49
1155693,2017-03-09 07:00:13
1155694,2017-03-09 07:00:49
1155695,2017-03-09 07:01:09
1155696,2017-03-09 07:01:29
1155697,2017-03-09 07:02:01
1155698,2017-03-09 07:02:46
1155699,2017-03-09 07:03:07
1155700,2017-03-09 07:03:39
1155701,2017-03-09 07:04:02
1155702,2017-03-09 07:04:28
1155703,2017-03-09 07:04:51
1155704,2017-03-09 07:05:36
1155705,2017-03-09 07:05:50
1155706,2017-03-09 07:06:03
1155707,2017-03-09 07:06:48
1155708,2017-03-09 07:06:52
1155709,2017-03-09 07:07:07
1155710,2017-03-09 07:07:15
1155711,2017-03-09 07:07:17
1155712,2017-03-09 07:07:29
1155713,2017-03-09 07:07:49
1155714,2017-03-09 07:08:04
1155715,2017-03-09 07:08:08
1155716,2017-03-09 07:09:03
1155717,2017-03-09 07:09:21
1155718,2017-03-09 07:09:41
1155719,2017-03-09 07:10:04
1155720,2017-03-09 07:10:43
1155721,2017-03-09 07:11:08
1155722,2017-03-09 07:11:29
1155723,2017-03-09 07:12:12
1155724,2017-03-09 07:12:36
1155725,2017-03-09 07:12:52
1155726,2017-03-09 07:13:03
1155727,2017-03-09 07:13:31
1060081,2017-03-10 07:03:56
1060082,2017-03-10 07:04:25
1060083,2017-03-10 07:05:29
1060084,2017-03-10 07:06:14
1060085,2017-03-10 07:06:34
1060086,2017-03-10 07:06:50
1060087,2017-03-10 07:07:25
1060088,2017-03-10 07:08:10
1060089,2017-03-10 07:09:12
1060090,2017-03-10 07:09:37
1060091,2017-03-10 07:10:05
1060092,2017-03-10 07:10:44
1060093,2017-03-10 07:11:29
1060094,2017-03-10 07:11:46
1060095,2017-03-10 07:12:15
1060096,2017-03-10 07:12:37
1060097,2017-03-10 07:13:22
1060098,2017-03-10 07:13:58
1060099,2017-03-10 07:14:11
1060100,2017-03-10 07:14:28
1060101,2017-03-10 07:14:46
1060102,2017-03-10 07:15:15
1060103,2017-03-10 07:15:42
1060104,2017-03-10 07:16:27
1060105,2017-03-10 07:17:21
1060106,2017-03-10 07:17:38
1060107,2017-03-10 07:18:11
1060108,2017-03-10 07:18:46
1060109,2017-03-10 07:18:50
1060110,2017-03-10 07:18:56
1060111,2017-03-10 07:19:14
1060112,2017-03-10 07:19:19
1060113,2017-03-10 07:19:32
1060114,2017-03-10 07:19:48
1060115,2017-03-10 07:20:07
1596943,2017-03-13 06:07:53
1596944,2017-03-13 06:08:10
1596945,2017-03-13 06:09:08
1596946,2017-03-13 06:09:33
1596947,2017-03-13 06:10:18
1596948,2017-03-13 06:10:40
1596949,2017-03-13 06:11:25
1596950,2017-03-13 06:11:44
1596951,2017-03-13 06:12:29
1596952,2017-03-13 06:12:57
1596953,2017-03-13 06:13:35
1596954,2017-03-13 06:14:16
1596955,2017-03-13 06:15:01
1596956,2017-03-13 06:15:16
1596957,2017-03-13 06:15:48
1596958,2017-03-13 06:16:06
1596959,2017-03-13 06:16:13
1596960,2017-03-13 06:16:23
1596961,2017-03-13 06:16:34
1596962,2017-03-13 06:16:44
1596963,2017-03-13 06:17:15
1596964,2017-03-13 06:17:41
1596965,2017-03-13 06:18:07
1596966,2017-03-13 06:18:28
1596967,2017-03-13 06:18:47
1596968,2017-03-13 06:19:14
1596969,2017-03-13 06:19:40
1596970,2017-03-13 06:20:21
1596971,2017-03-13 06:21:03
1596972,2017-03-13 06:22:09
1596973,2017-03-13 06:22:22
1596974,2017-03-13 06:22:29
1596975,2017-03-13 06:22:59
1596976,2017-03-13 15:47:04
1596977,2017-03-13 15:47:24
1596978,2017-03-13 15:47:33
1596979,2017-03-13 15:47:45
1596980,2017-03-13 15:48:05
1596981,2017-03-13 15:48:17
1596982,2017-03-13 15:49:01
1596983,2017-03-13 15:49:19
1596984,2017-03-13 15:49:32
1596985,2017-03-13 15:50:17
1596986,2017-03-13 15:50:34
1596987,2017-03-13 15:50:54
1596988,2017-03-13 15:51:07
1596989,2017-03-13 15:51:39
1596990,2017-03-13 15:52:16
1596991,2017-03-13 15:52:59
1596992,2017-03-13 15:54:37
1596993,2017-03-13 15:55:12
1596994,2017-03-13 15:55:19
1596995,2017-03-13 15:55:21
1596996,2017-03-13 15:55:28
1596997,2017-03-13 15:55:54
1596998,2017-03-13 15:56:17
1596999,2017-03-13 15:57:13
1597000,2017-03-13 15:57:39
1597001,2017-03-13 15:58:55
1597002,2017-03-13 15:59:59
1597003,2017-03-13 16:00:48
1597004,2017-03-13 16:01:01
1597005,2017-03-13 16:01:44
1597006,2017-03-13 16:02:20
1597007,2017-03-13 16:02:40
1597008,2017-03-13 16:03:06
1597009,2017-03-13 16:03:58
1597010,2017-03-13 16:04:43
1597011,2017-03-13 16:05:08
1597012,2017-03-13 16:05:53
1597013,2017-03-13 16:06:38
1597014,2017-03-13 16:07:14
1597015,2017-03-13 16:07:53
1597016,2017-03-13 16:08:38
1597017,2017-03-13 16:09:03
1597018,2017-03-13 16:09:31
1597019,2017-03-13 16:09:46
1597020,2017-03-13 16:09:56
1597021,2017-03-13 16:10:01
1834409,2017-03-14 05:40:22
1834410,2017-03-14 05:40:37
1834411,2017-03-14 05:41:10
1834412,2017-03-14 05:41:32
1834413,2017-03-14 05:42:17
1834414,2017-03-14 05:42:57
1834415,2017-03-14 05:43:12
1834416,2017-03-14 05:43:42
1834417,2017-03-14 05:44:27
1834418,2017-03-14 05:45:12
1834419,2017-03-14 05:45:53
1834420,2017-03-14 05:46:08
1834421,2017-03-14 05:46:25
1834422,2017-03-14 05:46:39
1834423,2017-03-14 05:46:52
1834424,2017-03-14 05:46:56
1834425,2017-03-14 05:47:18
1834426,2017-03-14 05:47:30
1834427,2017-03-14 05:47:44
1834428,2017-03-14 05:47:56
1834429,2017-03-14 05:48:42
1834430,2017-03-14 05:49:26
1834431,2017-03-14 05:50:23
1834432,2017-03-14 05:50:47
1834433,2017-03-14 05:51:01
1834434,2017-03-14 05:51:22
1834435,2017-03-14 05:52:29
1834436,2017-03-14 05:52:42
1834437,2017-03-14 05:52:52
1834438,2017-03-14 05:53:10
1834439,2017-03-14 05:53:53
1834440,2017-03-14 16:06:08
1834441,2017-03-14 16:06:09
1834442,2017-03-14 16:06:18
1834443,2017-03-14 16:06:29
1834444,2017-03-14 16:06:36
1834445,2017-03-14 16:07:10
1834446,2017-03-14 16:07:53
1834447,2017-03-14 16:08:24
1834448,2017-03-14 16:09:02
1834449,2017-03-14 16:09:20
1834450,2017-03-14 16:09:33
1834451,2017-03-14 16:10:04
1834452,2017-03-14 16:10:53
1834453,2017-03-14 16:11:44
1834454,2017-03-14 16:12:13
1834455,2017-03-14 16:12:38
1834456,2017-03-14 16:12:54
1834457,2017-03-14 16:13:25
1834458,2017-03-14 16:13:53
1834459,2017-03-14 16:14:54
1834460,2017-03-14 16:15:18
1834461,2017-03-14 16:16:28
1834462,2017-03-14 16:18:07
1834463,2017-03-14 16:19:21
1877682,2017-03-14 16:20:25
1877683,2017-03-14 16:21:26
1877684,2017-03-14 16:21:31
1877685,2017-03-14 16:21:39
1877686,2017-03-14 16:21:59
1877687,2017-03-14 16:23:15
1877688,2017-03-14 16:23:31
1877689,2017-03-14 16:23:41
1877690,2017-03-14 16:25:26
1877691,2017-03-14 16:25:52
1877692,2017-03-14 16:26:27
1877693,2017-03-14 16:27:15
1877694,2017-03-14 16:29:18
1877695,2017-03-14 16:30:29
1877696,2017-03-14 16:31:34
1877697,2017-03-14 16:32:29
1877698,2017-03-14 16:33:04
1877699,2017-03-14 16:33:54
1877700,2017-03-14 16:34:51
1877701,2017-03-14 16:35:13
1877702,2017-03-14 16:36:06
1877703,2017-03-14 16:36:32
1877704,2017-03-14 16:36:57
1877705,2017-03-14 16:38:03
1877706,2017-03-14 16:38:56
1877707,2017-03-14 16:39:42
1877708,2017-03-14 16:40:19
1877709,2017-03-14 16:41:04
1877710,2017-03-14 16:41:49
1877711,2017-03-14 16:42:47
1877712,2017-03-14 16:43:40
1877713,2017-03-14 16:44:10
1877714,2017-03-14 16:44:22
1877715,2017-03-14 16:44:37
1877716,2017-03-14 16:44:43
1877717,2017-03-14 16:44:48
1280670,2017-03-20 05:42:29
1280671,2017-03-20 05:42:44
1280672,2017-03-20 05:43:34
1280673,2017-03-20 05:43:52
1280674,2017-03-20 05:44:37
1280675,2017-03-20 05:44:54
1280676,2017-03-20 05:45:14
1280677,2017-03-20 05:45:43
1280678,2017-03-20 05:46:03
1280679,2017-03-20 05:46:23
1280680,2017-03-20 05:46:41
1280681,2017-03-20 05:47:02
1280682,2017-03-20 05:47:47
1280683,2017-03-20 05:48:19
1280684,2017-03-20 05:48:22
1280685,2017-03-20 05:48:49
1280686,2017-03-20 05:49:02
1280687,2017-03-20 05:49:14
1280688,2017-03-20 05:49:28
1280689,2017-03-20 05:49:35
1280690,2017-03-20 05:49:44
1280691,2017-03-20 05:50:04
1280692,2017-03-20 05:50:17
1280693,2017-03-20 05:50:30
1280694,2017-03-20 05:50:55
1280695,2017-03-20 05:51:08
1280696,2017-03-20 05:51:43
1280697,2017-03-20 05:52:06
1280698,2017-03-20 05:52:44
1280699,2017-03-20 05:53:10
1280700,2017-03-20 05:53:28
1280701,2017-03-20 05:54:25
1280702,2017-03-20 05:54:37
1280703,2017-03-20 05:55:15
1280704,2017-03-20 05:55:32
1280705,2017-03-20 05:57:08
1280706,2017-03-20 05:57:16
1280707,2017-03-20 05:57:33
1280708,2017-03-20 05:57:44
1280709,2017-03-20 05:57:56
1280710,2017-03-20 05:58:08
1280711,2017-03-20 05:58:20
1280712,2017-03-20 05:59:01
1632523,2017-03-21 06:02:00
1632524,2017-03-21 06:02:37
1632525,2017-03-21 06:02:52
1632526,2017-03-21 06:03:13
1632527,2017-03-21 06:03:51
1632528,2017-03-21 06:04:01
1632529,2017-03-21 06:04:05
1632530,2017-03-21 06:04:14
1632531,2017-03-21 06:04:30
1632532,2017-03-21 06:04:46
1632533,2017-03-21 06:05:43
1632534,2017-03-21 06:06:28
1632535,2017-03-21 06:07:04
1632536,2017-03-21 06:07:47
1632537,2017-03-21 06:08:11
1632538,2017-03-21 06:08:38
1632539,2017-03-21 06:08:54
1632540,2017-03-21 06:09:16
1632541,2017-03-21 06:10:01
1632542,2017-03-21 06:10:26
1632543,2017-03-21 06:11:11
1632544,2017-03-21 06:11:56
1632545,2017-03-21 06:12:19
1632546,2017-03-21 06:12:33
1632547,2017-03-21 06:12:52
1632548,2017-03-21 06:13:08
1632549,2017-03-21 06:13:23
1632550,2017-03-21 06:13:35
1632551,2017-03-21 06:13:53
1632552,2017-03-21 06:14:10
1632553,2017-03-21 06:14:21
1632554,2017-03-21 06:14:36
1632555,2017-03-21 06:15:11
1632556,2017-03-21 06:15:38
1632557,2017-03-21 06:16:00
1632558,2017-03-21 06:16:25
1632559,2017-03-21 06:17:08
1632560,2017-03-21 06:17:33
1632561,2017-03-21 06:17:53
1632562,2017-03-21 06:18:56
1632563,2017-03-21 06:19:09
1632564,2017-03-21 06:19:21
1632565,2017-03-21 06:19:33
1632566,2017-03-21 06:20:17
843714,2017-03-24 06:49:19
843715,2017-03-24 06:50:45
843716,2017-03-24 06:51:19
843717,2017-03-24 06:52:04
843718,2017-03-24 06:52:32
843719,2017-03-24 06:53:07
843720,2017-03-24 06:53:52
843721,2017-03-24 06:54:15
843722,2017-03-24 06:54:40
843723,2017-03-24 06:54:56
843724,2017-03-24 06:55:26
843725,2017-03-24 06:55:57
843726,2017-03-24 06:56:17
843727,2017-03-24 06:56:41
843728,2017-03-24 06:57:14
843729,2017-03-24 06:57:59
843730,2017-03-24 06:58:20
843731,2017-03-24 06:58:36
843732,2017-03-24 06:58:51
843733,2017-03-24 06:59:23
843734,2017-03-24 06:59:43
843735,2017-03-24 06:59:56
843736,2017-03-24 07:00:11
843737,2017-03-24 07:00:27
843738,2017-03-24 07:00:39
843739,2017-03-24 07:01:11
843740,2017-03-24 07:01:27
843741,2017-03-24 07:01:43
843742,2017-03-24 07:02:09
843743,2017-03-24 07:02:21
843744,2017-03-24 07:03:02
843745,2017-03-24 07:03:29
843746,2017-03-24 07:03:43
843747,2017-03-24 07:03:50
843748,2017-03-24 07:04:36
843749,2017-03-24 07:05:12
843750,2017-03-24 07:05:24
843751,2017-03-24 07:05:49
1910547,2017-03-28 04:42:54
1910548,2017-03-28 04:43:10
1910549,2017-03-28 04:43:46
1910550,2017-03-28 04:44:31
1910551,2017-03-28 04:45:03
1910552,2017-03-28 04:45:21
1910553,2017-03-28 04:46:00
1910554,2017-03-28 04:46:45
1910555,2017-03-28 04:47:30
1910556,2017-03-28 04:48:15
1910557,2017-03-28 04:48:30
1910558,2017-03-28 04:48:35
1910559,2017-03-28 04:48:48
1910560,2017-03-28 04:49:05
1910561,2017-03-28 04:49:33
1910562,2017-03-28 04:49:46
1910563,2017-03-28 04:50:03
1910564,2017-03-28 04:50:16
1910565,2017-03-28 04:50:27
1910566,2017-03-28 04:50:39
1910567,2017-03-28 04:51:16
1910568,2017-03-28 04:51:38
1910569,2017-03-28 04:51:52
1910570,2017-03-28 04:52:13
1910571,2017-03-28 04:52:55
1910572,2017-03-28 04:53:22
1910573,2017-03-28 04:53:39
1910574,2017-03-28 04:54:11
1910575,2017-03-28 04:54:44
1910576,2017-03-28 04:54:58
1910577,2017-03-28 04:55:08
1910578,2017-03-28 04:55:35
1605192,2017-03-31 06:31:44
1605193,2017-03-31 06:32:15
1605194,2017-03-31 06:34:11
1605195,2017-03-31 06:34:29
1605196,2017-03-31 06:34:57
1605197,2017-03-31 06:35:42
1605198,2017-03-31 06:36:01
1605199,2017-03-31 06:36:46
1605200,2017-03-31 06:37:12
1605201,2017-03-31 06:37:57
1605202,2017-03-31 06:38:19
1605203,2017-03-31 06:38:47
1605204,2017-03-31 06:39:32
1605205,2017-03-31 06:40:13
1605206,2017-03-31 06:40:30
1605207,2017-03-31 06:40:49
1605208,2017-03-31 06:41:02
1605209,2017-03-31 06:41:21
1605210,2017-03-31 06:41:40
1605211,2017-03-31 06:42:12
1605212,2017-03-31 06:42:26
1605213,2017-03-31 06:42:31
1605214,2017-03-31 06:42:53
1605215,2017-03-31 06:43:07
1605216,2017-03-31 06:43:24
1605217,2017-03-31 06:43:47
1605218,2017-03-31 06:44:15
1605219,2017-03-31 06:44:52
1605220,2017-03-31 06:45:06
1605221,2017-03-31 06:45:10
1605222,2017-03-31 06:45:21
1605223,2017-03-31 06:45:43
1605224,2017-03-31 06:46:43
1605225,2017-03-31 06:47:01
1605226,2017-03-31 06:47:21
1605227,2017-03-31 06:48:06
781260,2017-04-03 13:01:20
781261,2017-04-03 13:01:31
781262,2017-04-03 13:01:34
781263,2017-04-03 13:01:46
781264,2017-04-03 13:02:02
781265,2017-04-03 13:03:02
781266,2017-04-03 13:03:14
781267,2017-04-03 13:03:31
781268,2017-04-03 13:03:45
781269,2017-04-03 13:03:59
781270,2017-04-03 13:04:12
781271,2017-04-03 13:04:24
781272,2017-04-03 13:04:37
781273,2017-04-03 13:04:52
781274,2017-04-03 13:05:17
781275,2017-04-03 13:05:48
781276,2017-04-03 13:06:01
781277,2017-04-03 13:06:15
781278,2017-04-03 13:06:38
781279,2017-04-03 13:06:43
781280,2017-04-03 13:07:31
781281,2017-04-03 13:07:37
781282,2017-04-03 13:07:48
781283,2017-04-03 13:08:58
781284,2017-04-03 13:09:18
781285,2017-04-03 13:09:21
781286,2017-04-03 13:09:25
781287,2017-04-03 13:09:30
781288,2017-04-03 13:09:55
781289,2017-04-03 13:10:24
781290,2017-04-03 13:11:08
781291,2017-04-03 13:11:29
781292,2017-04-03 13:11:47
781293,2017-04-03 13:12:25
781294,2017-04-03 13:13:10
781295,2017-04-03 13:13:42
781296,2017-04-03 13:14:18
781297,2017-04-03 13:14:57
781298,2017-04-03 13:15:38
781299,2017-04-03 13:16:13
781300,2017-04-03 13:16:37
781301,2017-04-03 13:17:05
781302,2017-04-03 13:17:46
781303,2017-04-03 13:18:07
781304,2017-04-03 13:18:25
781305,2017-04-03 13:18:30
1246596,2017-04-04 06:44:59
1246597,2017-04-04 06:45:23
1246598,2017-04-04 06:46:32
1246599,2017-04-04 06:47:31
1246600,2017-04-04 06:48:00
1246601,2017-04-04 06:48:22
1246602,2017-04-04 06:49:01
1246603,2017-04-04 06:49:35
1246604,2017-04-04 06:50:13
1246605,2017-04-04 06:50:36
1246606,2017-04-04 06:51:15
1246607,2017-04-04 06:51:54
1246608,2017-04-04 06:52:13
1246609,2017-04-04 06:52:58
1246610,2017-04-04 06:53:18
1246611,2017-04-04 06:53:32
1246612,2017-04-04 06:53:54
1246613,2017-04-04 06:54:35
1246614,2017-04-04 06:54:45
1246615,2017-04-04 06:55:06
1246616,2017-04-04 06:55:20
1246617,2017-04-04 06:55:37
1246618,2017-04-04 06:55:50
1246619,2017-04-04 06:56:06
1246620,2017-04-04 06:56:18
1246621,2017-04-04 06:57:03
1246622,2017-04-04 06:57:31
1246623,2017-04-04 06:57:38
1246624,2017-04-04 06:57:51
1246625,2017-04-04 06:58:15
1246626,2017-04-04 06:58:36
1246627,2017-04-04 06:58:50
1246628,2017-04-04 06:59:03
1246629,2017-04-04 06:59:23
1246630,2017-04-04 06:59:54
1246631,2017-04-04 07:00:29
1246632,2017-04-04 07:00:33
1246633,2017-04-04 07:00:45
1246634,2017-04-04 07:00:56
1246635,2017-04-04 07:01:22
1246636,2017-04-04 07:01:53
1680036,2017-04-05 06:21:15
1680037,2017-04-05 06:22:14
1680038,2017-04-05 06:24:10
1680039,2017-04-05 06:24:53
1680040,2017-04-05 06:25:20
1680041,2017-04-05 06:26:13
1680042,2017-04-05 06:26:44
1680043,2017-04-05 06:27:23
1680044,2017-04-05 06:28:02
1680045,2017-04-05 06:28:33
1680046,2017-04-05 06:29:16
1680047,2017-04-05 06:29:57
1680048,2017-04-05 06:30:14
1680049,2017-04-05 06:30:59
1680050,2017-04-05 06:31:20
1680051,2017-04-05 06:31:35
1680052,2017-04-05 06:31:54
1680053,2017-04-05 06:32:20
1680054,2017-04-05 06:32:47
1680055,2017-04-05 06:33:33
1680056,2017-04-05 06:34:13
1680057,2017-04-05 06:35:09
1680058,2017-04-05 06:35:32
1680059,2017-04-05 06:35:45
1680060,2017-04-05 06:35:47
1680061,2017-04-05 06:36:05
1680062,2017-04-05 06:36:42
1680063,2017-04-05 06:36:56
1680064,2017-04-05 06:37:30
1680065,2017-04-05 06:37:40
1680066,2017-04-05 06:37:59
1680067,2017-04-05 06:38:10
1680068,2017-04-05 06:38:40
1680069,2017-04-05 13:59:04
1680070,2017-04-05 13:59:17
1680071,2017-04-05 13:59:30
1680072,2017-04-05 14:00:55
1680073,2017-04-05 14:01:12
1680074,2017-04-05 14:02:32
1680075,2017-04-05 14:03:08
1680076,2017-04-05 14:03:12
1680077,2017-04-05 14:03:21
1680078,2017-04-05 14:03:31
1680079,2017-04-05 14:03:42
1680080,2017-04-05 14:03:45
1680081,2017-04-05 14:03:58
1680082,2017-04-05 14:04:11
1680083,2017-04-05 14:04:39
1680084,2017-04-05 14:04:59
1680085,2017-04-05 14:05:29
1680086,2017-04-05 14:05:53
1680087,2017-04-05 14:06:06
1680088,2017-04-05 14:07:07
1680089,2017-04-05 14:08:20
1680090,2017-04-05 14:08:51
1680091,2017-04-05 14:09:03
1680092,2017-04-05 14:09:43
1680093,2017-04-05 14:10:25
1680094,2017-04-05 14:10:51
1680095,2017-04-05 14:11:31
1680096,2017-04-05 14:12:25
1680097,2017-04-05 14:12:51
1680098,2017-04-05 14:13:15
1680099,2017-04-05 14:15:08
1680100,2017-04-05 14:15:57
1680101,2017-04-05 14:16:53
1680102,2017-04-05 14:17:28
1680103,2017-04-05 14:18:41
1680104,2017-04-05 14:19:22
1680105,2017-04-05 14:19:53
1680106,2017-04-05 14:20:21
1680107,2017-04-05 14:20:42
1680108,2017-04-05 14:21:03
1680109,2017-04-05 14:21:48
1680110,2017-04-05 14:22:33
1680111,2017-04-05 14:22:52
1680112,2017-04-05 14:23:16
1680113,2017-04-05 14:23:53
1680114,2017-04-05 14:24:21
1680115,2017-04-05 14:25:06
1680116,2017-04-05 14:25:38
1680117,2017-04-05 14:25:59
1680118,2017-04-05 14:26:24
1680119,2017-04-05 14:26:51
1680120,2017-04-05 14:27:24
1680121,2017-04-05 14:28:05
1680122,2017-04-05 14:28:30
1680123,2017-04-05 14:28:35
1542870,2017-04-06 08:08:02
1542871,2017-04-06 08:08:23
1542872,2017-04-06 08:08:43
1542873,2017-04-06 08:09:28
1542874,2017-04-06 08:09:45
1542875,2017-04-06 08:10:19
1542876,2017-04-06 08:11:04
1542877,2017-04-06 08:11:29
1542878,2017-04-06 08:12:01
1542879,2017-04-06 08:12:46
1542880,2017-04-06 08:13:11
1542881,2017-04-06 08:13:40
1542882,2017-04-06 08:13:53
1542883,2017-04-06 08:14:15
1542884,2017-04-06 08:14:29
1542885,2017-04-06 08:14:43
1542886,2017-04-06 08:14:51
1542887,2017-04-06 08:15:02
1542888,2017-04-06 08:15:18
1542889,2017-04-06 08:15:45
1542890,2017-04-06 08:16:30
1542891,2017-04-06 08:17:03
1542892,2017-04-06 08:17:32
1542893,2017-04-06 08:18:06
1542894,2017-04-06 08:18:29
1542895,2017-04-06 08:18:42
1542896,2017-04-06 08:19:01
1542897,2017-04-06 08:19:40
1542898,2017-04-06 08:19:45
1542899,2017-04-06 08:20:11
1542900,2017-04-06 08:20:16
1542901,2017-04-06 08:20:27
1542902,2017-04-06 08:20:37
1542903,2017-04-06 08:20:55
787723,2017-04-08 11:36:27
787724,2017-04-08 11:36:59
787725,2017-04-08 11:37:44
787726,2017-04-08 11:39:13
787727,2017-04-08 11:39:30
787728,2017-04-08 11:40:05
787729,2017-04-08 11:40:46
787730,2017-04-08 11:41:02
787731,2017-04-08 11:41:18
787732,2017-04-08 11:42:16
787733,2017-04-08 11:42:26
787734,2017-04-08 11:42:37
787735,2017-04-08 11:42:51
787736,2017-04-08 11:43:16
787737,2017-04-08 11:44:18
787738,2017-04-08 11:44:56
787739,2017-04-08 11:45:46
787740,2017-04-08 11:46:11
787741,2017-04-08 11:46:22
787742,2017-04-08 11:46:48
787743,2017-04-08 11:47:13
787744,2017-04-08 11:47:25
787745,2017-04-08 11:47:57
787746,2017-04-08 11:48:21
787747,2017-04-08 11:49:00
787748,2017-04-08 11:49:45
787749,2017-04-08 11:50:08
787750,2017-04-08 11:50:48
787751,2017-04-08 11:51:27
787752,2017-04-08 11:51:42
787753,2017-04-08 11:52:24
787754,2017-04-08 11:53:03
787755,2017-04-08 11:53:18
787756,2017-04-08 11:53:48
787757,2017-04-08 11:54:17
787758,2017-04-08 11:54:54
787759,2017-04-08 11:55:30
787760,2017-04-08 11:55:55
787761,2017-04-08 11:56:18
787762,2017-04-08 11:56:33
787763,2017-04-08 11:56:51
787764,2017-04-08 11:57:01
787765,2017-04-08 11:57:06
593048,2017-04-24 17:50:37
593049,2017-04-24 17:51:38
593050,2017-04-24 17:52:09
593051,2017-04-24 17:52:36
593052,2017-04-24 17:53:20
593053,2017-04-24 17:53:39
593054,2017-04-24 17:53:55
593055,2017-04-24 17:54:24
593056,2017-04-24 17:54:45
593057,2017-04-24 17:55:30
593058,2017-04-24 17:55:51
593059,2017-04-24 17:56:17
593060,2017-04-24 17:56:36
593061,2017-04-24 17:57:08
593062,2017-04-24 17:57:53
593063,2017-04-24 17:58:17
593064,2017-04-24 17:58:46
593065,2017-04-24 17:58:59
593066,2017-04-24 17:59:14
593067,2017-04-24 17:59:29
593068,2017-04-24 18:00:21
593069,2017-04-24 18:00:57
593070,2017-04-24 18:01:42
593071,2017-04-24 18:02:01
593072,2017-04-24 18:02:15
593073,2017-04-24 18:02:51
593074,2017-04-24 18:03:28
593075,2017-04-24 18:03:53
593076,2017-04-24 18:03:59
593077,2017-04-24 18:04:43
593078,2017-04-24 18:05:19
593079,2017-04-24 18:06:30
593080,2017-04-24 18:06:35
593081,2017-04-24 18:06:47
593082,2017-04-24 18:06:57
593083,2017-04-24 18:07:22
1304467,2017-04-26 12:32:50
1304468,2017-04-26 12:33:19
1304469,2017-04-26 12:34:50
1304470,2017-04-26 12:35:06
1304471,2017-04-26 12:35:24
1304472,2017-04-26 12:35:51
1304473,2017-04-26 12:36:24
1304474,2017-04-26 12:37:09
1304475,2017-04-26 12:37:23
1304476,2017-04-26 12:38:08
1304477,2017-04-26 12:38:27
1304478,2017-04-26 12:39:07
1304479,2017-04-26 12:39:35
1304480,2017-04-26 12:40:20
1304481,2017-04-26 12:40:52
1304482,2017-04-26 12:41:17
1304483,2017-04-26 12:41:32
1304484,2017-04-26 12:41:37

